"playerID","votes","yearID"
"cobbty01",222,1936
"ruthba01",215,1936
"wagneho01",215,1936
"mathech01",205,1936
"johnswa01",189,1936
"lajoina01",146,1936
"speaktr01",133,1936
"youngcy01",111,1936
"hornsro01",105,1936
"cochrmi01",80,1936
"sislege01",77,1936
"collied01",60,1936
"colliji01",58,1936
"alexape01",55,1936
"gehrilo01",51,1936
"bresnro01",47,1936
"keelewi01",40,1936
"ansonca01",39,1936
"ewingbu01",39,1936
"keelewi01",33,1936
"wadderu01",33,1936
"youngcy01",32,1936
"delahed01",21,1936
"foxxji01",21,1936
"walshed01",20,1936
"mcgrajo01",17,1936
"delahed01",17,1936
"radboch01",16,1936
"traynpi01",16,1936
"kellyki01",15,1936
"longhe01",15,1936
"friscfr01",14,1936
"grovele01",12,1936
"jennihu01",11,1936
"rusieam01",11,1936
"chaseha01",11,1936
"youngro01",10,1936
"clarkfr01",9,1936
"terrybi01",9,1936
"colliji01",8,1936
"klingjo01",8,1936
"crigelo01",7,1936
"comisch01",6,1936
"dennyje01",6,1936
"langebi01",6,1936
"robinwi01",6,1936
"stoveha01",6,1936
"wrighge01",6,1936
"brownmo01",6,1936
"eversjo01",6,1936
"clarkjo01",5,1936
"wagneho01",5,1936
"chancfr01",5,1936
"spaldal01",4,1936
"mcgrajo01",4,1936
"schalra01",4,1936
"simmoal01",4,1936
"barnero01",3,1936
"bennech01",3,1936
"duffyhu01",3,1936
"nichoki01",3,1936
"wardjo01",3,1936
"broutda01",2,1936
"dunlafr01",2,1936
"glassja01",2,1936
"hamilbi01",2,1936
"lajoina01",2,1936
"willine01",2,1936
"bendech01",2,1936
"jacksjo01",2,1936
"roushed01",2,1936
"allisdo01",1,1936
"battijo01",1,1936
"becklja01",1,1936
"bondto01",1,1936
"burkeje01",1,1936
"crigelo01",1,1936
"dahlebi01",1,1936
"daubeja01",1,1936
"doyleja01",1,1936
"keefeti01",1,1936
"kilroma01",1,1936
"lathaar01",1,1936
"lowebo01",1,1936
"mcaleji01",1,1936
"mccarto01",1,1936
"mcveyca01",1,1936
"paborch01",1,1936
"pikeli01",1,1936
"remseja01",1,1936
"richaha01",1,1936
"tennefr02",1,1936
"vanhage01",1,1936
"wallabo01",1,1936
"whitede01",1,1936
"bakerfr01",1,1936
"bradlbi01",1,1936
"clarkfr01",1,1936
"crawfsa01",1,1936
"elberki01",1,1936
"mackco01",1,1936
"marquru01",1,1936
"ruckena01",1,1936
"vanceda01",1,1936
"cummica01",0,1936
"flintsi01",0,1936
"richmle01",0,1936
"gehrich01",0,1936
"hartnga01",0,1936
"sullibi03",0,1936
"lajoina01",168,1937
"speaktr01",165,1937
"youngcy01",153,1937
"alexape01",125,1937
"collied01",115,1937
"keelewi01",115,1937
"sislege01",106,1937
"delahed01",70,1937
"wadderu01",67,1937
"colliji01",66,1937
"walshed01",56,1937
"hornsro01",53,1937
"chancfr01",49,1937
"eversjo01",44,1937
"bresnro01",43,1937
"brownmo01",31,1937
"maranra01",25,1937
"schalra01",24,1937
"planked01",23,1937
"clarkfr01",22,1937
"klingjo01",20,1937
"chaseha01",18,1937
"bendech01",17,1937
"crigelo01",16,1937
"youngro01",16,1937
"pennohe01",15,1937
"tinkejo01",15,1937
"bakerfr01",13,1937
"marquru01",13,1937
"woodjo02",13,1937
"mcginjo01",12,1937
"jossad01",11,1937
"ruckena01",11,1937
"heilmha01",10,1937
"roushed01",10,1937
"vanceda01",10,1937
"adamsba01",8,1937
"duffyhu01",7,1937
"archeji01",6,1937
"careyma01",6,1937
"donlimi01",6,1937
"hoopeha01",6,1937
"bradlbi01",5,1937
"carribi02",5,1937
"crawfsa01",5,1937
"huggimi01",5,1937
"mcgrajo01",5,1937
"robinwi01",5,1937
"tennefr02",5,1937
"wheatza01",5,1937
"combsea01",4,1937
"griffcl01",4,1937
"jennihu01",4,1937
"altroni01",3,1937
"bancrda01",3,1937
"burnsge01",3,1937
"donovbi01",3,1937
"faberre01",3,1937
"lewisdu01",3,1937
"nehfar01",3,1937
"peckiro01",3,1937
"bergema01",2,1937
"bodiepi01",2,1937
"coombja01",2,1937
"cravaga01",2,1937
"daubeja01",2,1937
"doylela01",2,1937
"fletcar01",2,1937
"gowdyha01",2,1937
"loberha01",2,1937
"mageesh01",2,1937
"schreos01",2,1937
"scottev01",2,1937
"breitte01",1,1937
"burkeje01",1,1937
"bushdo01",1,1937
"chesbja01",1,1937
"cissebi01",1,1937
"collish01",1,1937
"dooinre01",1,1937
"duganjo01",1,1937
"elberki01",1,1937
"falkecy01",1,1937
"gleaski01",1,1937
"grimebu01",1,1937
"grohhe01",1,1937
"hinchbi01",1,1937
"judgejo01",1,1937
"kerrdi01",1,1937
"leachto01",1,1937
"leevesa01",1,1937
"longhe01",1,1937
"luquedo01",1,1937
"mcinnst01",1,1937
"mcleala01",1,1937
"meusebo01",1,1937
"milleha01",1,1937
"moranpa01",1,1937
"murphda02",1,1937
"murrare01",1,1937
"paskedo01",1,1937
"raymobu01",1,1937
"rixeyep01",1,1937
"rudoldi01",1,1937
"rusieam01",1,1937
"schulfr01",1,1937
"seweljo01",1,1937
"steinha01",1,1937
"streega01",1,1937
"sullibi03",1,1937
"veachbo01",1,1937
"wallabo01",1,1937
"wilsoha01",1,1937
"bulkemo99",NA,1937
"johnsba99",NA,1937
"mackco01",NA,1937
"mcgrajo01",NA,1937
"wrighge01",NA,1937
"alexape01",212,1938
"sislege01",179,1938
"keelewi01",177,1938
"collied01",175,1938
"wadderu01",148,1938
"chancfr01",133,1938
"delahed01",132,1938
"walshed01",110,1938
"eversjo01",91,1938
"colliji01",79,1938
"maranra01",73,1938
"bresnro01",67,1938
"clarkfr01",63,1938
"brownmo01",54,1938
"huggimi01",48,1938
"hornsro01",46,1938
"schalra01",45,1938
"youngro01",40,1938
"planked01",38,1938
"pennohe01",37,1938
"mcginjo01",36,1938
"bendech01",33,1938
"bakerfr01",32,1938
"klingjo01",26,1938
"duffyhu01",24,1938
"jennihu01",23,1938
"jossad01",18,1938
"robinwi01",17,1938
"tinkejo01",16,1938
"heilmha01",14,1938
"ruckena01",12,1938
"adamsba01",11,1938
"crawfsa01",11,1938
"crigelo01",11,1938
"griffcl01",10,1938
"marquru01",10,1938
"vanceda01",10,1938
"roushed01",9,1938
"gowdyha01",8,1938
"rusieam01",8,1938
"tennefr02",8,1938
"altroni01",7,1938
"archeji01",7,1938
"combsea01",7,1938
"terrybi01",7,1938
"wallabo01",7,1938
"wheatza01",7,1938
"careyma01",6,1938
"woodjo02",6,1938
"donlimi01",5,1938
"lewisdu01",5,1938
"nehfar01",5,1938
"carribi02",4,1938
"dinnebi01",4,1938
"doylela01",4,1938
"hoopeha01",4,1938
"mcinnst01",4,1938
"barryja01",3,1938
"burnsge01",3,1938
"fletcar01",3,1938
"grohhe01",3,1938
"kerrdi01",3,1938
"nichoki01",3,1938
"traynpi01",3,1938
"bancrda01",2,1938
"bradlbi01",2,1938
"burkeje01",2,1938
"chesbja01",2,1938
"coombja01",2,1938
"cravaga01",2,1938
"elberki01",2,1938
"fosteed02",2,1938
"judgejo01",2,1938
"mageesh01",2,1938
"peckiro01",2,1938
"rixeyep01",2,1938
"schreos01",2,1938
"scottev01",2,1938
"stengca01",2,1938
"beaumgi01",1,1938
"bergema01",1,1938
"chapmra01",1,1938
"coaklan01",1,1938
"coopewi01",1,1938
"covelst01",1,1938
"cranddo01",1,1938
"cruiswa01",1,1938
"dahlebi01",1,1938
"daubeja01",1,1938
"donovbi01",1,1938
"dooinre01",1,1938
"duganjo01",1,1938
"ehmkeho01",1,1938
"faberre01",1,1938
"flickel01",1,1938
"gleaski01",1,1938
"granted01",1,1938
"grimebu01",1,1938
"harribu01",1,1938
"herzobu01",1,1938
"irwinch01",1,1938
"jonesfi01",1,1938
"lathaar01",1,1938
"loberha01",1,1938
"longhe01",1,1938
"luquedo01",1,1938
"marbefi01",1,1938
"meusebo01",1,1938
"milancl01",1,1938
"moranpa01",1,1938
"murrare01",1,1938
"perduhu01",1,1938
"ricesa01",1,1938
"sheckji01",1,1938
"shockur01",1,1938
"stahlja01",1,1938
"streega01",1,1938
"thomair01",1,1938
"willicy01",1,1938
"zimmech01",1,1938
"cartwal99",NA,1938
"chadwhe99",NA,1938
"sislege01",235,1939
"collied01",213,1939
"keelewi01",207,1939
"wadderu01",179,1939
"hornsro01",176,1939
"chancfr01",158,1939
"delahed01",145,1939
"walshed01",132,1939
"eversjo01",107,1939
"huggimi01",97,1939
"maranra01",82,1939
"colliji01",72,1939
"bresnro01",67,1939
"clarkfr01",59,1939
"brownmo01",54,1939
"robinwi01",46,1939
"bendech01",40,1939
"pennohe01",40,1939
"schalra01",35,1939
"duffyhu01",34,1939
"youngro01",34,1939
"jennihu01",33,1939
"mcginjo01",32,1939
"bakerfr01",30,1939
"cochrmi01",28,1939
"jossad01",28,1939
"planked01",28,1939
"friscfr01",26,1939
"griffcl01",20,1939
"terrybi01",16,1939
"vanceda01",15,1939
"klingjo01",14,1939
"ruckena01",13,1939
"tinkejo01",12,1939
"adamsba01",11,1939
"traynpi01",10,1939
"heilmha01",8,1939
"roushed01",8,1939
"careyma01",7,1939
"dinnebi01",7,1939
"nichoki01",7,1939
"altroni01",6,1939
"chesbja01",6,1939
"crawfsa01",6,1939
"lewisdu01",6,1939
"rusieam01",6,1939
"stengca01",6,1939
"donlimi01",5,1939
"hoopeha01",5,1939
"kerrdi01",5,1939
"wallabo01",5,1939
"gowdyha01",4,1939
"marquru01",4,1939
"mcinnst01",4,1939
"wheatza01",4,1939
"archeji01",3,1939
"combsea01",3,1939
"faberre01",3,1939
"mccarjo99",3,1939
"tennefr02",3,1939
"bushdo01",2,1939
"carribi02",2,1939
"cravaga01",2,1939
"crigelo01",2,1939
"donovbi01",2,1939
"ewingbu01",2,1939
"granted01",2,1939
"loberha01",2,1939
"schreos01",2,1939
"woodjo02",2,1939
"bancrda01",1,1939
"barryja01",1,1939
"bergema01",1,1939
"bradlbi01",1,1939
"burnsge01",1,1939
"coopewi01",1,1939
"crossla01",1,1939
"daubeja01",1,1939
"doylela01",1,1939
"fletcar01",1,1939
"frasech01",1,1939
"gleaski01",1,1939
"grimebu01",1,1939
"grimmch01",1,1939
"hahnno01",1,1939
"haineje01",1,1939
"harribu01",1,1939
"hoytwa01",1,1939
"irwinch01",1,1939
"jonessa01",1,1939
"kellejo01",1,1939
"knabeot01",1,1939
"leachto01",1,1939
"longhe01",1,1939
"luquedo01",1,1939
"mageesh01",1,1939
"moranpa01",1,1939
"nehfar01",1,1939
"peckiro01",1,1939
"peitzhe01",1,1939
"perduhu01",1,1939
"phillde01",1,1939
"schacal01",1,1939
"scottev01",1,1939
"shockur01",1,1939
"stahlja01",1,1939
"steinha01",1,1939
"wilsoha01",1,1939
"ansonca01",NA,1939
"comisch01",NA,1939
"cummica01",NA,1939
"ewingbu01",NA,1939
"gehrilo01",NA,1939
"radboch01",NA,1939
"spaldal01",NA,1939
"hornsro01",182,1942
"chancfr01",136,1942
"wadderu01",136,1942
"walshed01",113,1942
"huggimi01",111,1942
"delahed01",104,1942
"eversjo01",91,1942
"robinwi01",89,1942
"cochrmi01",88,1942
"friscfr01",84,1942
"duffyhu01",77,1942
"pennohe01",72,1942
"griffcl01",71,1942
"colliji01",68,1942
"maranra01",66,1942
"jennihu01",64,1942
"brownmo01",63,1942
"planked01",63,1942
"mcginjo01",59,1942
"clarkfr01",58,1942
"bresnro01",57,1942
"bendech01",55,1942
"schalra01",53,1942
"traynpi01",45,1942
"youngro01",44,1942
"bakerfr01",39,1942
"vanceda01",37,1942
"terrybi01",36,1942
"tinkejo01",36,1942
"jossad01",33,1942
"klingjo01",15,1942
"ruckena01",15,1942
"adamsba01",11,1942
"gowdyha01",8,1942
"nichoki01",5,1942
"burkeje01",4,1942
"heilmha01",4,1942
"granted01",3,1942
"rickebr01",3,1942
"wheatza01",3,1942
"bushdo01",2,1942
"crawfsa01",2,1942
"martipe01",2,1942
"peckiro01",2,1942
"wallabo01",2,1942
"beaumgi01",1,1942
"becklja01",1,1942
"boleyjo01",1,1942
"bradlbi01",1,1942
"crossla01",1,1942
"dinnebi01",1,1942
"dunnja01",1,1942
"elberki01",1,1942
"faberre01",1,1942
"hamilbi01",1,1942
"hermaba01",1,1942
"hoytwa01",1,1942
"kellejo01",1,1942
"kerrdi01",1,1942
"lathaar01",1,1942
"lowebo01",1,1942
"mageesh01",1,1942
"phillde01",1,1942
"roushed01",1,1942
"rusieam01",1,1942
"schaege01",1,1942
"scottev01",1,1942
"steinha01",1,1942
"tennefr02",1,1942
"wambsbi01",1,1942
"wilsoha01",1,1942
"woodjo02",1,1942
"landike99",NA,1944
"chancfr01",179,1945
"wadderu01",154,1945
"walshed01",137,1945
"eversjo01",134,1945
"bresnro01",133,1945
"huggimi01",133,1945
"cochrmi01",125,1945
"colliji01",121,1945
"delahed01",111,1945
"griffcl01",108,1945
"friscfr01",101,1945
"jennihu01",92,1945
"robinwi01",81,1945
"traynpi01",81,1945
"duffyhu01",64,1945
"clarkfr01",53,1945
"maranra01",51,1945
"tinkejo01",49,1945
"brownmo01",46,1945
"pennohe01",45,1945
"mcginjo01",44,1945
"bendech01",40,1945
"planked01",33,1945
"schalra01",33,1945
"terrybi01",32,1945
"grovele01",28,1945
"bakerfr01",26,1945
"hubbeca01",24,1945
"jossad01",23,1945
"youngro01",22,1945
"vanceda01",18,1945
"deandi01",17,1945
"dickebi01",17,1945
"klingjo01",12,1945
"gehrich01",10,1945
"ruckena01",10,1945
"adamsba01",7,1945
"gomezle01",7,1945
"heilmha01",5,1945
"nichoki01",5,1945
"roushed01",5,1945
"crawfsa01",4,1945
"lyonste01",4,1945
"carribi02",3,1945
"donovbi01",3,1945
"gowdyha01",3,1945
"greenha01",3,1945
"wallabo01",3,1945
"burkeje01",2,1945
"elberki01",2,1945
"granted01",2,1945
"hartnga01",2,1945
"lowebo01",2,1945
"mckecbi01",2,1945
"phillde01",2,1945
"rickebr01",2,1945
"stengca01",2,1945
"wheatza01",2,1945
"beaumgi01",1,1945
"bushdo01",1,1945
"camniho01",1,1945
"careyma01",1,1945
"combsea01",1,1945
"conrowi01",1,1945
"davisha01",1,1945
"dimagjo01",1,1945
"dinnebi01",1,1945
"donlimi01",1,1945
"dunnja01",1,1945
"gleaski01",1,1945
"gordojo01",1,1945
"grimmch01",1,1945
"grohhe01",1,1945
"kerrdi01",1,1945
"lazzeto01",1,1945
"lewisdu01",1,1945
"longhe01",1,1945
"mageesh01",1,1945
"martipe01",1,1945
"meusebo01",1,1945
"moranpa01",1,1945
"mungova01",1,1945
"murphda02",1,1945
"ritchcl01",1,1945
"rixeyep01",1,1945
"rootch01",1,1945
"rusieam01",1,1945
"seymocy01",1,1945
"sheckji01",1,1945
"southbi01",1,1945
"sweenbi02",1,1945
"tanneje01",1,1945
"vandejo01",1,1945
"willicy01",1,1945
"yerkest02",1,1945
"bresnro01",NA,1945
"broutda01",NA,1945
"clarkfr01",NA,1945
"colliji01",NA,1945
"delahed01",NA,1945
"duffyhu01",NA,1945
"jennihu01",NA,1945
"kellyki01",NA,1945
"orourji01",NA,1945
"robinwi01",NA,1945
"chancfr01",150,1946
"chancfr01",144,1946
"eversjo01",130,1946
"huggimi01",129,1946
"wadderu01",122,1946
"walshed01",115,1946
"eversjo01",110,1946
"huggimi01",106,1946
"walshed01",106,1946
"friscfr01",104,1946
"hubbeca01",101,1946
"wadderu01",87,1946
"griffcl01",82,1946
"cochrmi01",80,1946
"hubbeca01",75,1946
"griffcl01",73,1946
"grovele01",71,1946
"friscfr01",67,1946
"cochrmi01",65,1946
"traynpi01",65,1946
"grovele01",61,1946
"brownmo01",56,1946
"tinkejo01",55,1946
"traynpi01",53,1946
"mcginjo01",53,1946
"maranra01",50,1946
"brownmo01",48,1946
"mcginjo01",47,1946
"deandi01",45,1946
"tinkejo01",45,1946
"gehrich01",43,1946
"pennohe01",41,1946
"deandi01",40,1946
"dickebi01",40,1946
"bakerfr01",39,1946
"bendech01",39,1946
"bakerfr01",36,1946
"schalra01",36,1946
"bendech01",35,1946
"planked01",34,1946
"dickebi01",32,1946
"terrybi01",31,1946
"vanceda01",31,1946
"maranra01",29,1946
"foxxji01",26,1946
"youngro01",25,1946
"gehrich01",23,1946
"heilmha01",23,1946
"klingjo01",20,1946
"pennohe01",16,1946
"jossad01",14,1946
"ruckena01",13,1946
"roushed01",11,1946
"crawfsa01",9,1946
"adamsba01",6,1946
"crigelo01",6,1946
"marquru01",6,1946
"wheatza01",6,1946
"woodjo02",5,1946
"donovbi01",4,1946
"gomezle01",4,1946
"wanerpa01",4,1946
"lyonste01",3,1946
"burkeje01",2,1946
"bushdo01",2,1946
"coombja01",2,1946
"davisha01",2,1946
"hartnga01",2,1946
"jacksjo01",2,1946
"mckecbi01",2,1946
"bancrda01",1,1946
"beaumgi01",1,1946
"bradlbi01",1,1946
"chesbja01",1,1946
"clarkjo01",1,1946
"cravaga01",1,1946
"dinnebi01",1,1946
"dunnja01",1,1946
"granted01",1,1946
"grimmch01",1,1946
"hoytwa01",1,1946
"jonesfi01",1,1946
"killebi01",1,1946
"knabeot01",1,1946
"longhe01",1,1946
"mageesh01",1,1946
"martipe01",1,1946
"nichoki01",1,1946
"phillde01",1,1946
"ruelmu01",1,1946
"sheckji01",1,1946
"simmoal01",1,1946
"southbi01",1,1946
"sparktu01",1,1946
"sullibi03",1,1946
"tanneje01",1,1946
"tennefr01",1,1946
"burkeje01",NA,1946
"chancfr01",NA,1946
"chesbja01",NA,1946
"eversjo01",NA,1946
"griffcl01",NA,1946
"mccarto01",NA,1946
"mcginjo01",NA,1946
"planked01",NA,1946
"tinkejo01",NA,1946
"wadderu01",NA,1946
"walshed01",NA,1946
"hubbeca01",140,1947
"friscfr01",136,1947
"cochrmi01",128,1947
"grovele01",123,1947
"traynpi01",119,1947
"gehrich01",105,1947
"maranra01",91,1947
"deandi01",88,1947
"pennohe01",86,1947
"bendech01",72,1947
"heilmha01",65,1947
"schalra01",50,1947
"vanceda01",50,1947
"bakerfr01",49,1947
"terrybi01",46,1947
"wheatza01",37,1947
"youngro01",36,1947
"woodjo02",29,1947
"roushed01",25,1947
"adamsba01",22,1947
"marquru01",18,1947
"foxxji01",10,1947
"cronijo01",6,1947
"simmoal01",6,1947
"fletcar01",3,1947
"cravaga01",2,1947
"hartnga01",2,1947
"mccarjo99",2,1947
"rixeyep01",2,1947
"turnete01",2,1947
"dyered01",1,1947
"gelbech01",1,1947
"gomezle01",1,1947
"gowdyha01",1,1947
"haineje01",1,1947
"hargrbu01",1,1947
"kellyge01",1,1947
"lazzeto01",1,1947
"scottev01",1,1947
"pennohe01",94,1948
"traynpi01",93,1948
"simmoal01",60,1948
"gehrich01",52,1948
"terrybi01",52,1948
"wanerpa01",51,1948
"foxxji01",50,1948
"deandi01",40,1948
"heilmha01",40,1948
"dickebi01",39,1948
"maranra01",38,1948
"hartnga01",33,1948
"cronijo01",25,1948
"vanceda01",23,1948
"schalra01",22,1948
"lazzeto01",21,1948
"youngro01",19,1948
"roushed01",17,1948
"gomezle01",16,1948
"lyonste01",15,1948
"wheatza01",15,1948
"careyma01",9,1948
"wilsoji01",8,1948
"grimebu01",7,1948
"hoytwa01",7,1948
"martipe01",7,1948
"combsea01",6,1948
"grimmch01",6,1948
"marquru01",6,1948
"meusebo01",6,1948
"bendech01",5,1948
"dykesji01",5,1948
"jackstr01",5,1948
"mcinnst01",5,1948
"rixeyep01",5,1948
"woodjo02",5,1948
"adamsba01",4,1948
"bakerfr01",4,1948
"bancrda01",4,1948
"bottoji01",4,1948
"huggimi01",4,1948
"odoulle01",4,1948
"ruffire01",4,1948
"cuyleki01",3,1948
"duganjo01",3,1948
"earnsge01",3,1948
"faberre01",3,1948
"fletcar01",3,1948
"gowdyha01",3,1948
"harribu01",3,1948
"kleinch01",3,1948
"rommeed01",3,1948
"rootch01",3,1948
"scottev01",3,1948
"bluegos01",2,1948
"coombja01",2,1948
"coopewi01",2,1948
"covelst01",2,1948
"fitzsfr01",2,1948
"hackst01",2,1948
"haineje01",2,1948
"hermaba01",2,1948
"hoopeha01",2,1948
"kellyge01",2,1948
"klingjo01",2,1948
"oneilst01",2,1948
"quinnja01",2,1948
"schacal01",2,1948
"wilsoha01",2,1948
"wrighgl01",2,1948
"bartedi01",1,1948
"bigbeca01",1,1948
"cadorle01",1,1948
"camildo01",1,1948
"davissp01",1,1948
"derripa01",1,1948
"durocle01",1,1948
"ferrewe01",1,1948
"fonsele01",1,1948
"gosligo01",1,1948
"grohhe01",1,1948
"hafeych01",1,1948
"hallabi01",1,1948
"hermabi01",1,1948
"johnsbo01",1,1948
"kremera01",1,1948
"manushe01",1,1948
"medwijo01",1,1948
"milledo02",1,1948
"mulcahu01",1,1948
"mungova01",1,1948
"oeschjo01",1,1948
"ricesa01",1,1948
"schanwa01",1,1948
"schumha02",1,1948
"selkige01",1,1948
"severha01",1,1948
"seweljo01",1,1948
"sewellu01",1,1948
"sherdbi01",1,1948
"shockur01",1,1948
"smithea02",1,1948
"smithsh01",1,1948
"stengca01",1,1948
"westsa01",1,1948
"willicy01",1,1948
"gehrich01",159,1949
"ottme01",128,1949
"gehrich01",102,1949
"ottme01",94,1949
"simmoal01",89,1949
"foxxji01",89,1949
"deandi01",88,1949
"foxxji01",85,1949
"terrybi01",81,1949
"deandi01",81,1949
"simmoal01",76,1949
"wanerpa01",73,1949
"greenha01",67,1949
"dickebi01",65,1949
"wanerpa01",63,1949
"heilmha01",59,1949
"maranra01",58,1949
"heilmha01",52,1949
"terrybi01",48,1949
"greenha01",44,1949
"dickebi01",39,1949
"maranra01",39,1949
"hartnga01",35,1949
"cronijo01",33,1949
"vanceda01",33,1949
"lyonste01",29,1949
"schalra01",24,1949
"wilsoha01",24,1949
"ruffire01",22,1949
"lazzeto01",20,1949
"youngro01",20,1949
"gomezle01",17,1949
"schalra01",17,1949
"martipe01",16,1949
"cronijo01",16,1949
"wheatza01",15,1949
"vanceda01",15,1949
"roushed01",14,1949
"lyonste01",14,1949
"careyma01",12,1949
"wilsoha01",12,1949
"harribu01",11,1949
"youngro01",11,1949
"gowdyha01",10,1949
"grimmch01",10,1949
"kleinch01",9,1949
"bottoji01",8,1949
"grimebu01",8,1949
"mcinnst01",8,1949
"dykesji01",7,1949
"hoytwa01",7,1949
"southbi01",7,1949
"hartnga01",7,1949
"combsea01",6,1949
"faberre01",6,1949
"jackstr01",6,1949
"oneilst01",6,1949
"wilsoji01",6,1949
"lazzeto01",6,1949
"adamsba01",5,1949
"bancrda01",5,1949
"hermaba01",5,1949
"coopewi01",4,1949
"cuyleki01",4,1949
"gosligo01",4,1949
"hackst01",4,1949
"hardeme01",4,1949
"marquru01",4,1949
"odoulle01",4,1949
"rixeyep01",4,1949
"ruffire01",4,1949
"covelst01",3,1949
"meusebo01",3,1949
"ricesa01",3,1949
"scottev01",3,1949
"stengca01",3,1949
"wanerll01",3,1949
"bendech01",2,1949
"duganjo01",2,1949
"earnsge01",2,1949
"fitzsfr01",2,1949
"gelbech01",2,1949
"hafeych01",2,1949
"haineje01",2,1949
"jurgebi01",2,1949
"lucasre01",2,1949
"rommeed01",2,1949
"shockur01",2,1949
"warnelo01",2,1949
"willicy01",2,1949
"averiea01",1,1949
"bluegos01",1,1949
"bodiepi01",1,1949
"burnsge01",1,1949
"chapmbe01",1,1949
"davissp01",1,1949
"durocle01",1,1949
"ehmkeho01",1,1949
"ferrewe01",1,1949
"fletcar01",1,1949
"judgejo01",1,1949
"kellyge01",1,1949
"kerrdi01",1,1949
"lindsfr01",1,1949
"lopezal01",1,1949
"manushe01",1,1949
"myerbu01",1,1949
"nehfar01",1,1949
"peckiro01",1,1949
"pruethu01",1,1949
"ringji01",1,1949
"rootch01",1,1949
"selkige01",1,1949
"sherdbi01",1,1949
"toneyfr01",1,1949
"werbebi01",1,1949
"wittwh01",1,1949
"wrighgl01",1,1949
"brownmo01",NA,1949
"nichoki01",NA,1949
"ottme01",115,1950
"terrybi01",105,1950
"foxxji01",103,1950
"wanerpa01",95,1950
"simmoal01",90,1950
"heilmha01",87,1950
"deandi01",85,1950
"dickebi01",78,1950
"maranra01",66,1950
"greenha01",64,1950
"hartnga01",54,1950
"vanceda01",52,1950
"lyonste01",42,1950
"cronijo01",33,1950
"lazzeto01",21,1950
"gomezle01",18,1950
"wheatza01",17,1950
"youngro01",17,1950
"roushed01",16,1950
"schalra01",16,1950
"wilsoha01",16,1950
"careyma01",14,1950
"kleinch01",14,1950
"grimmch01",13,1950
"ruffire01",12,1950
"cuyleki01",11,1950
"haineje01",11,1950
"hoytwa01",11,1950
"bancrda01",9,1950
"faberre01",9,1950
"odoulle01",9,1950
"willicy01",9,1950
"bottoji01",8,1950
"hackst01",8,1950
"martipe01",7,1950
"rolfere01",7,1950
"adamsba01",6,1950
"bendech01",6,1950
"gowdyha01",6,1950
"grimebu01",6,1950
"jackstr01",6,1950
"rixeyep01",6,1950
"bakerfr01",4,1950
"hafeych01",4,1950
"harribu01",4,1950
"ofarrbo01",4,1950
"ruelmu01",4,1950
"waltebu01",4,1950
"wilsoji01",4,1950
"combsea01",3,1950
"lombaer01",3,1950
"scottev01",3,1950
"stengca01",3,1950
"burnsge01",2,1950
"chandsp01",2,1950
"dykesji01",2,1950
"earnsge01",2,1950
"fonsele01",2,1950
"gosligo01",2,1950
"grohhe01",2,1950
"hardeme01",2,1950
"hermaba01",2,1950
"higgipi01",2,1950
"hoopeha01",2,1950
"huggimi01",2,1950
"meusebo01",2,1950
"nehfar01",2,1950
"theveto01",2,1950
"wrighgl01",2,1950
"covelst01",1,1950
"crosefr01",1,1950
"derripa01",1,1950
"ensje01",1,1950
"fitzsfr01",1,1950
"fletcar01",1,1950
"gelbech01",1,1950
"gonzami01",1,1950
"jonesfi01",1,1950
"lucasre01",1,1950
"luquedo01",1,1950
"mageesh01",1,1950
"marbefi01",1,1950
"mcinnst01",1,1950
"mckecbi01",1,1950
"milancl01",1,1950
"moorejo02",1,1950
"moorete01",1,1950
"oneilst01",1,1950
"pruethu01",1,1950
"ricesa01",1,1950
"rommeed01",1,1950
"rootch01",1,1950
"schanwa01",1,1950
"selkige01",1,1950
"sherdbi01",1,1950
"southbi01",1,1950
"wambsbi01",1,1950
"wanerll01",1,1950
"werbebi01",1,1950
"woodjo02",1,1950
"ottme01",197,1951
"foxxji01",179,1951
"wanerpa01",162,1951
"heilmha01",153,1951
"terrybi01",148,1951
"deandi01",145,1951
"dickebi01",118,1951
"simmoal01",116,1951
"maranra01",110,1951
"lyonste01",71,1951
"vanceda01",70,1951
"greenha01",67,1951
"hartnga01",57,1951
"cronijo01",44,1951
"schalra01",37,1951
"bendech01",35,1951
"youngro01",34,1951
"careyma01",27,1951
"lazzeto01",27,1951
"gowdyha01",26,1951
"gomezle01",23,1951
"roushed01",21,1951
"wilsoha01",21,1951
"martipe01",19,1951
"wheatza01",19,1951
"kleinch01",15,1951
"hoytwa01",13,1951
"odoulle01",13,1951
"adamsba01",12,1951
"bancrda01",9,1951
"grimmch01",9,1951
"harribu01",9,1951
"ruffire01",9,1951
"bakerfr01",8,1951
"cuyleki01",8,1951
"faberre01",8,1951
"mckecbi01",8,1951
"stengca01",8,1951
"willicy01",7,1951
"bottoji01",6,1951
"rolfere01",6,1951
"grimebu01",5,1951
"rixeyep01",5,1951
"woodjo02",5,1951
"fletcar01",4,1951
"jackstr01",4,1951
"nehfar01",4,1951
"schacal01",4,1951
"southbi01",4,1951
"dykesji01",3,1951
"hackst01",3,1951
"hoopeha01",3,1951
"kerrdi01",3,1951
"lombaer01",3,1951
"marquru01",3,1951
"mcinnst01",3,1951
"oneilst01",3,1951
"lewisdu01",2,1951
"mageesh01",2,1951
"scottev01",2,1951
"selkige01",2,1951
"wilsoji01",2,1951
"bartedi01",1,1951
"chandsp01",1,1951
"coombja01",1,1951
"coopewi01",1,1951
"daubeja01",1,1951
"derripa01",1,1951
"ehmkeho01",1,1951
"gelbech01",1,1951
"hafeych01",1,1951
"hardeme01",1,1951
"hermaba01",1,1951
"higgipi01",1,1951
"jordati01",1,1951
"mccarjo99",1,1951
"milancl01",1,1951
"paigesa01",1,1951
"pruethu01",1,1951
"ricesa01",1,1951
"rommeed01",1,1951
"rudoldi01",1,1951
"ruelmu01",1,1951
"sherdbi01",1,1951
"wanerll01",1,1951
"wrighgl01",1,1951
"heilmha01",203,1952
"wanerpa01",195,1952
"terrybi01",155,1952
"deandi01",152,1952
"simmoal01",141,1952
"dickebi01",139,1952
"maranra01",133,1952
"vanceda01",105,1952
"lyonste01",101,1952
"hartnga01",77,1952
"greenha01",75,1952
"bendech01",70,1952
"cronijo01",48,1952
"schalra01",44,1952
"careyma01",36,1952
"gowdyha01",34,1952
"youngro01",34,1952
"martipe01",31,1952
"wheatza01",30,1952
"gomezle01",29,1952
"lazzeto01",29,1952
"stengca01",27,1952
"roushed01",24,1952
"wilsoha01",21,1952
"kleinch01",19,1952
"odoulle01",19,1952
"harribu01",12,1952
"hoytwa01",12,1952
"bancrda01",11,1952
"lewisdu01",11,1952
"cuyleki01",10,1952
"hardeme01",10,1952
"oneilst01",10,1952
"ruffire01",10,1952
"adamsba01",9,1952
"faberre01",9,1952
"grimebu01",9,1952
"kerrdi01",9,1952
"marquru01",9,1952
"bottoji01",7,1952
"wilsoji01",7,1952
"grimmch01",6,1952
"dykesji01",5,1952
"henrito01",4,1952
"rolfere01",4,1952
"scottev01",4,1952
"willicy01",4,1952
"hermaba01",3,1952
"nehfar01",3,1952
"rixeyep01",3,1952
"waltebu01",3,1952
"averiea01",2,1952
"coopewi01",2,1952
"lopezal01",2,1952
"peckiro01",2,1952
"rommeed01",2,1952
"wanerll01",2,1952
"chapmbe01",1,1952
"combsea01",1,1952
"crosefr01",1,1952
"durocle01",1,1952
"ehmkeho01",1,1952
"gonzami01",1,1952
"hafeych01",1,1952
"jackstr01",1,1952
"luquedo01",1,1952
"meusebo01",1,1952
"milancl01",1,1952
"pruethu01",1,1952
"ricesa01",1,1952
"ruelmu01",1,1952
"selkige01",1,1952
"southbi01",1,1952
"werbebi01",1,1952
"wrighgl01",1,1952
"deandi01",209,1953
"simmoal01",199,1953
"terrybi01",191,1953
"dickebi01",179,1953
"maranra01",164,1953
"vanceda01",150,1953
"lyonste01",139,1953
"dimagjo01",117,1953
"bendech01",104,1953
"hartnga01",104,1953
"greenha01",80,1953
"cronijo01",69,1953
"stengca01",61,1953
"gowdyha01",58,1953
"careyma01",55,1953
"schalra01",52,1953
"martipe01",43,1953
"wilsoha01",43,1953
"gomezle01",35,1953
"roushed01",32,1953
"wheatza01",32,1953
"youngro01",31,1953
"lazzeto01",28,1953
"ruffire01",24,1953
"harribu01",21,1953
"lewisdu01",20,1953
"marquru01",19,1953
"cuyleki01",18,1953
"adamsba01",17,1953
"hoytwa01",14,1953
"kerrdi01",13,1953
"oneilst01",13,1953
"odoulle01",11,1953
"bancrda01",10,1953
"bottoji01",10,1953
"henrito01",10,1953
"waltebu01",10,1953
"wilsoji01",10,1953
"coopewi01",9,1953
"faberre01",9,1953
"grimebu01",9,1953
"grimmch01",9,1953
"hardeme01",8,1953
"ruelmu01",8,1953
"dykesji01",5,1953
"rolfere01",5,1953
"scottev01",5,1953
"haineje01",4,1953
"nehfar01",4,1953
"willicy01",4,1953
"combsea01",3,1953
"ehmkeho01",3,1953
"ricesa01",3,1953
"rixeyep01",3,1953
"wrighgl01",3,1953
"applilu01",2,1953
"doerrbo01",2,1953
"hafeych01",2,1953
"hermaba01",2,1953
"jackstr01",2,1953
"lopezal01",2,1953
"peckiro01",2,1953
"southbi01",2,1953
"altroni01",1,1953
"bushdo01",1,1953
"gonzami01",1,1953
"kellech01",1,1953
"klingjo01",1,1953
"langebi01",1,1953
"luquedo01",1,1953
"mccarjo99",1,1953
"milancl01",1,1953
"moorete01",1,1953
"olearch01",1,1953
"pruethu01",1,1953
"roberda01",1,1953
"rommeed01",1,1953
"schaege01",1,1953
"selkige01",1,1953
"sherdbi01",1,1953
"streega01",1,1953
"vaughar01",1,1953
"wambsbi01",1,1953
"barroed99",NA,1953
"bendech01",NA,1953
"connoto99",NA,1953
"klembi99",NA,1953
"wallabo01",NA,1953
"wrighha01",NA,1953
"maranra01",209,1954
"dickebi01",202,1954
"terrybi01",195,1954
"dimagjo01",175,1954
"lyonste01",170,1954
"vanceda01",158,1954
"hartnga01",151,1954
"greenha01",97,1954
"cronijo01",85,1954
"careyma01",55,1954
"schalra01",54,1954
"roushed01",52,1954
"gowdyha01",51,1954
"wilsoha01",48,1954
"gomezle01",38,1954
"youngro01",34,1954
"wheatza01",33,1954
"lazzeto01",30,1954
"ruffire01",29,1954
"cuyleki01",20,1954
"lewisdu01",20,1954
"bottoji01",16,1954
"marquru01",15,1954
"hoytwa01",14,1954
"adamsba01",13,1954
"kerrdi01",13,1954
"faberre01",12,1954
"kleinch01",11,1954
"bancrda01",10,1954
"ricesa01",9,1954
"wilsoji01",8,1954
"coopewi01",7,1954
"nehfar01",7,1954
"haineje01",6,1954
"rixeyep01",5,1954
"ruelmu01",5,1954
"ehmkeho01",4,1954
"scottev01",4,1954
"wambsbi01",4,1954
"willicy01",4,1954
"milancl01",3,1954
"altroni01",2,1954
"hafeych01",2,1954
"vaughar01",2,1954
"bluegos01",1,1954
"bluelu01",1,1954
"gosligo01",1,1954
"grohhe01",1,1954
"hermaba01",1,1954
"jackstr01",1,1954
"peckiro01",1,1954
"seweljo01",1,1954
"wrighgl01",1,1954
"dimagjo01",223,1955
"lyonste01",217,1955
"vanceda01",205,1955
"hartnga01",195,1955
"greenha01",157,1955
"cronijo01",135,1955
"careyma01",119,1955
"schalra01",113,1955
"roushed01",97,1955
"gowdyha01",90,1955
"wilsoha01",81,1955
"gomezle01",71,1955
"lazzeto01",66,1955
"ruffire01",60,1955
"wheatza01",51,1955
"youngro01",48,1955
"cuyleki01",35,1955
"marquru01",35,1955
"lewisdu01",34,1955
"hoytwa01",33,1955
"ricesa01",28,1955
"faberre01",27,1955
"bottoji01",26,1955
"kerrdi01",25,1955
"kleinch01",25,1955
"adamsba01",24,1955
"bancrda01",19,1955
"wilsoji01",13,1955
"coopewi01",11,1955
"ruelmu01",11,1955
"haineje01",10,1955
"rixeyep01",8,1955
"scottev01",8,1955
"gosligo01",7,1955
"nehfar01",7,1955
"milancl01",6,1955
"grohhe01",5,1955
"hermaba01",5,1955
"jackstr01",5,1955
"wambsbi01",5,1955
"hafeych01",4,1955
"vaughar01",4,1955
"wrighgl01",4,1955
"applilu01",3,1955
"grimebu01",3,1955
"willicy01",3,1955
"averiea01",2,1955
"earnsge01",2,1955
"judgejo01",2,1955
"meusebo01",2,1955
"allenjo02",1,1955
"berrych02",1,1955
"bishoma01",1,1955
"combsea01",1,1955
"daubeja01",1,1955
"derripa01",1,1955
"dykesji01",1,1955
"gordojo01",1,1955
"haasmu01",1,1955
"jonessa01",1,1955
"peckiro01",1,1955
"schumha02",1,1955
"seweljo01",1,1955
"sherdbi01",1,1955
"bakerfr01",NA,1955
"schalra01",NA,1955
"greenha01",164,1956
"cronijo01",152,1956
"ruffire01",97,1956
"roushed01",91,1956
"gomezle01",89,1956
"wilsoha01",74,1956
"careyma01",65,1956
"lazzeto01",64,1956
"cuyleki01",55,1956
"gowdyha01",49,1956
"ricesa01",45,1956
"kleinch01",44,1956
"bottoji01",42,1956
"hoytwa01",37,1956
"faberre01",34,1956
"medwijo01",31,1956
"rixeyep01",27,1956
"gosligo01",26,1956
"wheatza01",26,1956
"grimebu01",25,1956
"youngro01",19,1956
"wanerll01",18,1956
"wilsoji01",17,1956
"hafeych01",16,1956
"ruelmu01",16,1956
"bancrda01",15,1956
"applilu01",14,1956
"combsea01",14,1956
"haineje01",14,1956
"jackstr01",14,1956
"manushe01",13,1956
"derripa01",12,1956
"hermaba01",11,1956
"willicy01",11,1956
"vaughar01",9,1956
"ehmkeho01",8,1956
"lombaer01",8,1956
"ferrewe01",7,1956
"martipe01",7,1956
"doerrbo01",5,1956
"odoulle01",5,1956
"waltebu01",5,1956
"cramedo01",4,1956
"gordojo01",4,1956
"averiea01",3,1956
"bridgto01",3,1956
"earnsge01",3,1956
"fitzsfr01",3,1956
"lindsfr01",3,1956
"mccorfr01",3,1956
"rolfere01",3,1956
"seweljo01",3,1956
"vandejo01",3,1956
"wrighgl01",3,1956
"bluegos01",2,1956
"boudrlo01",2,1956
"bushgu01",2,1956
"coopemo01",2,1956
"critzhu01",2,1956
"fonsele01",2,1956
"henrito01",2,1956
"hermabi01",2,1956
"judgejo01",2,1956
"kellech01",2,1956
"kellyge01",2,1956
"schumha02",2,1956
"stephri01",2,1956
"tobinji01",2,1956
"altroni01",1,1956
"bergewa01",1,1956
"bishoma01",1,1956
"camildo01",1,1956
"chandsp01",1,1956
"crosefr01",1,1956
"cuccito01",1,1956
"dinnebi01",1,1956
"duganjo01",1,1956
"durocle01",1,1956
"dykesji01",1,1956
"ferreri01",1,1956
"haasmu01",1,1956
"hackst01",1,1956
"hallabi01",1,1956
"johnsbo01",1,1956
"jonessa01",1,1956
"kuheljo01",1,1956
"lopezal01",1,1956
"luquedo01",1,1956
"marioma01",1,1956
"meusebo01",1,1956
"mostijo01",1,1956
"quinnja01",1,1956
"reynoal01",1,1956
"rizzuph01",1,1956
"schacal01",1,1956
"schanwa01",1,1956
"scottev01",1,1956
"sherdbi01",1,1956
"smithea02",1,1956
"suhrgu01",1,1956
"turneji01",1,1956
"uhlege01",1,1956
"wambsbi01",1,1956
"whitebu01",1,1956
"whiteea01",1,1956
"willike01",1,1956
"crawfsa01",NA,1957
"mccarjo99",NA,1957
"careyma01",136,1958
"roushed01",112,1958
"ruffire01",99,1958
"wilsoha01",94,1958
"cuyleki01",90,1958
"ricesa01",90,1958
"lazzeto01",80,1958
"applilu01",77,1958
"gomezle01",76,1958
"grimebu01",71,1958
"faberre01",68,1958
"boudrlo01",64,1958
"bottoji01",57,1958
"medwijo01",50,1958
"martipe01",46,1958
"gowdyha01",45,1958
"harribu01",45,1958
"bancrda01",43,1958
"wanerll01",39,1958
"hoytwa01",37,1958
"kleinch01",36,1958
"vandejo01",35,1958
"combsea01",34,1958
"covelst01",34,1958
"lopezal01",34,1958
"waltebu01",33,1958
"rixeyep01",32,1958
"durocle01",28,1958
"odoulle01",27,1958
"dykesji01",26,1958
"gosligo01",26,1958
"grimmch01",26,1958
"doerrbo01",25,1958
"haineje01",22,1958
"manushe01",22,1958
"altroni01",20,1958
"southbi01",18,1958
"fitzsfr01",16,1958
"derripa01",15,1958
"luquedo01",15,1958
"averiea01",14,1958
"hermaba01",13,1958
"nehfar01",13,1958
"rolfere01",13,1958
"hafeych01",12,1958
"moorete01",12,1958
"rowesc01",12,1958
"bridgto01",11,1958
"gordojo01",11,1958
"henrito01",11,1958
"jackstr01",11,1958
"oneilst01",10,1958
"ruelmu01",10,1958
"ferrewe01",9,1958
"judgejo01",9,1958
"kellech01",9,1958
"quinnja01",9,1958
"schanwa01",8,1958
"tebbebi01",8,1958
"wrighgl01",8,1958
"ehmkeho01",7,1958
"hermabi01",7,1958
"rommeed01",7,1958
"hackst01",6,1958
"hardeme01",6,1958
"higgipi01",6,1958
"maysca01",6,1958
"reisepe01",6,1958
"rootch01",6,1958
"vaughar01",6,1958
"willicy01",6,1958
"bushjo01",5,1958
"crosefr01",5,1958
"duganjo01",5,1958
"groveor01",5,1958
"jonesfi01",5,1958
"lindsfr01",5,1958
"marbefi01",5,1958
"meusebo01",5,1958
"bergmo01",4,1958
"bishoma01",4,1958
"camildo01",4,1958
"lavagco01",4,1958
"lombaer01",4,1958
"shockur01",4,1958
"uhlege01",4,1958
"berrych02",3,1958
"coopemo01",3,1958
"cuccito01",3,1958
"doakbi01",3,1958
"fonsele01",3,1958
"gonzami01",3,1958
"gustifr01",3,1958
"kammwi01",3,1958
"ofarrbo01",3,1958
"sewellu01",3,1958
"werbebi01",3,1958
"wilsoji01",3,1958
"bergewa01",2,1958
"bluegos01",2,1958
"cramedo01",2,1958
"holmeto01",2,1958
"kellyge01",2,1958
"kremera01",2,1958
"leachfr01",2,1958
"mccarjo99",2,1958
"mcmanma01",2,1958
"meadole01",2,1958
"mungova01",2,1958
"perkicy01",2,1958
"sherdbi01",2,1958
"warnelo01",2,1958
"whiteea01",2,1958
"adamssp01",1,1958
"austiji01",1,1958
"bartedi01",1,1958
"bentola01",1,1958
"bladera01",1,1958
"casege01",1,1958
"chapmsa01",1,1958
"crowdal01",1,1958
"danniha01",1,1958
"daviscu01",1,1958
"ellioju01",1,1958
"ferreri01",1,1958
"grantge01",1,1958
"haasmu01",1,1958
"hallabi01",1,1958
"hargrbu01",1,1958
"jurgebi01",1,1958
"keltnke01",1,1958
"kressre01",1,1958
"lucasre01",1,1958
"mancugu01",1,1958
"millebi02",1,1958
"moseswa01",1,1958
"mostijo01",1,1958
"olearch01",1,1958
"pearsmo01",1,1958
"pippwa01",1,1958
"schumha02",1,1958
"scottja01",1,1958
"seweljo01",1,1958
"sewelri01",1,1958
"spahnwa01",1,1958
"stephri01",1,1958
"suhrgu01",1,1958
"sukefcl01",1,1958
"walberu01",1,1958
"walkeha01",1,1958
"willike01",1,1958
"wyattwh01",1,1958
"youngpe01",1,1958
"zachato01",1,1958
"wheatza01",NA,1959
"roushed01",146,1960
"ricesa01",143,1960
"rixeyep01",142,1960
"grimebu01",92,1960
"bottoji01",89,1960
"ruffire01",86,1960
"faberre01",83,1960
"applilu01",72,1960
"cuyleki01",72,1960
"wilsoha01",72,1960
"lazzeto01",59,1960
"gomezle01",51,1960
"mizejo01",45,1960
"odoulle01",45,1960
"combsea01",43,1960
"gowdyha01",38,1960
"medwijo01",38,1960
"kleinch01",37,1960
"marioma01",37,1960
"boudrlo01",35,1960
"harribu01",31,1960
"vandejo01",31,1960
"bancrda01",30,1960
"gosligo01",30,1960
"hafeych01",29,1960
"hoytwa01",29,1960
"martipe01",29,1960
"dykesji01",27,1960
"lopezal01",26,1960
"reynoal01",24,1960
"seweljo01",23,1960
"wanerll01",22,1960
"haineje01",20,1960
"manushe01",20,1960
"waltebu01",19,1960
"altroni01",18,1960
"wrighgl01",18,1960
"doerrbo01",15,1960
"judgejo01",15,1960
"fitzsfr01",13,1960
"grimmch01",13,1960
"ehmkeho01",12,1960
"hardeme01",12,1960
"rommeed01",12,1960
"averiea01",11,1960
"gordojo01",11,1960
"jackstr01",11,1960
"schanwa01",11,1960
"schumha02",11,1960
"willicy01",11,1960
"durocle01",10,1960
"henrito01",10,1960
"meusebo01",10,1960
"rolfere01",10,1960
"vaughar01",10,1960
"ruelmu01",9,1960
"crosefr01",8,1960
"derripa01",8,1960
"duganjo01",8,1960
"ferrewe01",8,1960
"reisepe01",8,1960
"brechha01",7,1960
"groveor01",7,1960
"hermaba01",7,1960
"kellech01",7,1960
"moorete01",7,1960
"grovele01",6,1960
"hackst01",6,1960
"lindsfr01",6,1960
"lombaer01",6,1960
"millebi02",6,1960
"newsobo01",6,1960
"wilsoji01",6,1960
"bergmo01",5,1960
"bishoma01",5,1960
"kellyge01",5,1960
"bridgto01",4,1960
"dimagdo01",4,1960
"luquedo01",4,1960
"stephri01",4,1960
"uhlege01",4,1960
"warnelo01",4,1960
"whiteha01",4,1960
"bluegos01",3,1960
"camildo01",3,1960
"fonsele01",3,1960
"higgipi01",3,1960
"kinerra01",3,1960
"kressre01",3,1960
"ofarrbo01",3,1960
"rowesc01",3,1960
"sewellu01",3,1960
"stanked01",3,1960
"whiteea01",3,1960
"edwarha01",2,1960
"elliobo01",2,1960
"gonzami01",2,1960
"hallabi01",2,1960
"holmeto01",2,1960
"lavagco01",2,1960
"leonadu02",2,1960
"marbefi01",2,1960
"mcmanma01",2,1960
"mungova01",2,1960
"quinnja01",2,1960
"rootch01",2,1960
"sherdbi01",2,1960
"adamssp01",1,1960
"bartedi01",1,1960
"bladera01",1,1960
"casege01",1,1960
"coopemo01",1,1960
"cramedo01",1,1960
"crowdal01",1,1960
"danniha01",1,1960
"ferreri01",1,1960
"grohhe01",1,1960
"haasmu01",1,1960
"hargrbu01",1,1960
"jossad01",1,1960
"kammwi01",1,1960
"keltnke01",1,1960
"leachfr01",1,1960
"loberha01",1,1960
"moseswa01",1,1960
"nichobi01",1,1960
"olearch01",1,1960
"peskyjo01",1,1960
"roepr01",1,1960
"sistisi01",1,1960
"suhrgu01",1,1960
"tebbebi01",1,1960
"walberu01",1,1960
"zachato01",1,1960
"careyma01",NA,1961
"hamilbi01",NA,1961
"fellebo01",150,1962
"robinja02",124,1962
"ricesa01",81,1962
"ruffire01",72,1962
"rixeyep01",49,1962
"applilu01",48,1962
"rizzuph01",44,1962
"grimebu01",43,1962
"wilsoha01",39,1962
"medwijo01",34,1962
"cuyleki01",31,1962
"faberre01",30,1962
"bottoji01",20,1962
"gomezle01",20,1962
"hoytwa01",18,1962
"kleinch01",18,1962
"marioma01",16,1962
"manushe01",15,1962
"reynoal01",15,1962
"gosligo01",14,1962
"mizejo01",14,1962
"odoulle01",13,1962
"boudrlo01",12,1962
"lopezal01",11,1962
"doerrbo01",10,1962
"lazzeto01",8,1962
"hafeych01",7,1962
"hardeme01",7,1962
"lindsfr01",7,1962
"combsea01",6,1962
"dykesji01",6,1962
"martipe01",6,1962
"vaughar01",6,1962
"whiteea01",6,1962
"kinerra01",5,1962
"lombaer01",5,1962
"vandejo01",5,1962
"waltebu01",5,1962
"wanerll01",5,1962
"gordojo01",4,1962
"hermabi01",4,1962
"newhoha01",4,1962
"wilsoji01",4,1962
"averiea01",3,1962
"haineje01",3,1962
"henrito01",3,1962
"newsobo01",3,1962
"cavarph01",2,1962
"chandsp01",2,1962
"dimagdo01",2,1962
"grimmch01",2,1962
"jonesfi01",2,1962
"marbefi01",2,1962
"warnelo01",2,1962
"bridgto01",1,1962
"casege01",1,1962
"coxbi02",1,1962
"cramedo01",1,1962
"durocle01",1,1962
"elliobo01",1,1962
"ferrewe01",1,1962
"fitzsfr01",1,1962
"hutchfr01",1,1962
"jackstr01",1,1962
"kellech01",1,1962
"kellyge01",1,1962
"mccorfr01",1,1962
"moorete01",1,1962
"raschvi01",1,1962
"roepr01",1,1962
"rolfere01",1,1962
"sainjo01",1,1962
"schumha02",1,1962
"sewellu01",1,1962
"sewelri01",1,1962
"stephri01",1,1962
"walkedi02",1,1962
"wrighgl01",1,1962
"yorkru01",1,1962
"mckecbi01",NA,1962
"roushed01",NA,1962
"clarkjo01",NA,1963
"flickel01",NA,1963
"ricesa01",NA,1963
"rixeyep01",NA,1963
"applilu01",189,1964
"ruffire01",184,1964
"applilu01",142,1964
"ruffire01",141,1964
"camparo01",138,1964
"medwijo01",130,1964
"camparo01",115,1964
"medwijo01",108,1964
"reesepe01",73,1964
"boudrlo01",68,1964
"lopezal01",57,1964
"kleinch01",56,1964
"mizejo01",54,1964
"hardeme01",51,1964
"vandejo01",51,1964
"marioma01",50,1964
"wanerll01",47,1964
"reesepe01",47,1964
"rizzuph01",45,1964
"boudrlo01",43,1964
"reynoal01",35,1964
"waltebu01",35,1964
"lopezal01",34,1964
"kellge01",33,1964
"lombaer01",33,1964
"kinerra01",31,1964
"gordojo01",30,1964
"hermabi01",26,1964
"newhoha01",26,1964
"doerrbo01",24,1964
"lemonbo01",24,1964
"cavarph01",22,1964
"vandejo01",20,1964
"martipe01",19,1964
"kleinch01",18,1964
"newsobo01",17,1964
"vaughar01",17,1964
"marioma01",17,1964
"bridgto01",15,1964
"durocle01",15,1964
"moorete01",14,1964
"hardeme01",14,1964
"henrito01",13,1964
"maglisa01",13,1964
"warnelo01",13,1964
"cramedo01",12,1964
"dimagdo01",12,1964
"kellech01",12,1964
"mizejo01",12,1964
"wanerll01",12,1964
"rizzuph01",11,1964
"hutchfr01",10,1964
"schumha02",10,1964
"yorkru01",10,1964
"hermabi01",9,1964
"lombaer01",9,1964
"raschvi01",8,1964
"kellge01",8,1964
"waltebu01",8,1964
"chandsp01",6,1964
"mccorfr01",6,1964
"walkedi02",6,1964
"reynoal01",6,1964
"vaughar01",6,1964
"doerrbo01",5,1964
"martipe01",5,1964
"elliobo01",4,1964
"truckvi01",4,1964
"kindeel01",3,1964
"sainjo01",3,1964
"kinerra01",3,1964
"lemonbo01",3,1964
"newhoha01",3,1964
"casege01",2,1964
"houttar01",2,1964
"westrwe01",2,1964
"durocle01",2,1964
"gromest01",1,1964
"kuzavbo01",1,1964
"miksied01",1,1964
"northro01",1,1964
"sewelri01",1,1964
"smallro01",1,1964
"troutdi01",1,1964
"bridgto01",1,1964
"cavarph01",1,1964
"gordojo01",1,1964
"newsobo01",1,1964
"faberre01",NA,1964
"grimebu01",NA,1964
"huggimi01",NA,1964
"keefeti01",NA,1964
"manushe01",NA,1964
"wardjo01",NA,1964
"galvipu01",NA,1965
"willite01",282,1966
"ruffire01",208,1966
"camparo01",197,1966
"medwijo01",187,1966
"boudrlo01",115,1966
"lopezal01",109,1966
"slaugen01",100,1966
"reesepe01",95,1966
"marioma01",86,1966
"mizejo01",81,1966
"kinerra01",74,1966
"vandejo01",72,1966
"reynoal01",60,1966
"waltebu01",56,1966
"rizzuph01",54,1966
"vaughar01",36,1966
"hardeme01",34,1966
"lombaer01",34,1966
"newhoha01",32,1966
"gordojo01",31,1966
"doerrbo01",30,1966
"kellge01",29,1966
"hermabi01",28,1966
"newsobo01",25,1966
"lemonbo01",21,1966
"vernomi01",20,1966
"darkal01",17,1966
"bridgto01",16,1966
"thomsbo01",12,1966
"cavarph01",9,1966
"dobyla01",7,1966
"newcodo01",7,1966
"erskica01",6,1966
"heganji01",5,1966
"mcdougi01",5,1966
"hattogr01",4,1966
"lockmwh01",4,1966
"sauerha01",4,1966
"ennisde01",3,1966
"furilca01",2,1966
"grissma01",2,1966
"martimo01",2,1966
"pafkoan01",2,1966
"ricede01",2,1966
"adamsbo03",1,1966
"carrach01",1,1966
"hearnji01",1,1966
"hemusso01",1,1966
"portebo01",1,1966
"stengca01",NA,1966
"ruffire01",266,1967
"medwijo01",248,1967
"medwijo01",212,1967
"ruffire01",212,1967
"camparo01",204,1967
"camparo01",170,1967
"boudrlo01",143,1967
"kinerra01",124,1967
"slaugen01",123,1967
"lopezal01",114,1967
"marioma01",90,1967
"mizejo01",89,1967
"reesepe01",89,1967
"vandejo01",87,1967
"reynoal01",77,1967
"rizzuph01",71,1967
"boudrlo01",68,1967
"gordojo01",66,1967
"waltebu01",65,1967
"newhoha01",62,1967
"hermabi01",59,1967
"hardeme01",52,1967
"lopezal01",50,1967
"slaugen01",48,1967
"vaughar01",46,1967
"lombaer01",43,1967
"kinerra01",41,1967
"kellge01",40,1967
"darkal01",38,1967
"doerrbo01",35,1967
"lemonbo01",35,1967
"vandejo01",35,1967
"lombaer01",25,1967
"waltebu01",24,1967
"bauerha01",23,1967
"marioma01",22,1967
"newsobo01",19,1967
"reynoal01",19,1967
"vaughar01",19,1967
"newcodo01",18,1967
"reesepe01",16,1967
"cavarph01",15,1967
"doerrbo01",15,1967
"vernomi01",14,1967
"hardeme01",14,1967
"hermabi01",14,1967
"mizejo01",14,1967
"rizzuph01",14,1967
"gordojo01",13,1967
"newhoha01",13,1967
"kellge01",11,1967
"dobyla01",10,1967
"thomsbo01",10,1967
"kluszte01",9,1967
"bauerha01",9,1967
"darkal01",7,1967
"lemonbo01",7,1967
"newsobo01",6,1967
"mcdougi01",4,1967
"cavarph01",4,1967
"jenseja01",3,1967
"moorete01",3,1967
"ennisde01",2,1967
"furilca01",2,1967
"heganji01",2,1967
"torgeea01",2,1967
"valoel01",2,1967
"newcodo01",2,1967
"vernomi01",2,1967
"courtcl01",1,1967
"dropowa01",1,1967
"garvene01",1,1967
"hattogr01",1,1967
"hearnji01",1,1967
"martibi02",1,1967
"pafkoan01",1,1967
"dobyla01",1,1967
"thomsbo01",1,1967
"rickebr01",NA,1967
"wanerll01",NA,1967
"medwijo01",240,1968
"camparo01",205,1968
"boudrlo01",146,1968
"slaugen01",129,1968
"kinerra01",118,1968
"mizejo01",103,1968
"reynoal01",95,1968
"marioma01",89,1968
"vaughar01",82,1968
"reesepe01",81,1968
"vandejo01",79,1968
"gordojo01",77,1968
"rizzuph01",74,1968
"newhoha01",67,1968
"waltebu01",67,1968
"doerrbo01",48,1968
"kellge01",47,1968
"lemonbo01",47,1968
"darkal01",36,1968
"moorete01",33,1968
"cavarph01",23,1968
"henrito01",22,1968
"newsobo01",22,1968
"vernomi01",22,1968
"crosefr01",15,1968
"kluszte01",14,1968
"thomsbo01",13,1968
"kellech01",11,1968
"maglisa01",11,1968
"erskica01",9,1968
"newcodo01",9,1968
"coopewa01",8,1968
"dimagdo01",8,1968
"sainjo01",7,1968
"ashburi01",6,1968
"rowesc01",6,1968
"walkedi02",6,1968
"blackew01",5,1968
"leonadu02",5,1968
"mcdougi01",4,1968
"moseswa01",4,1968
"brechha01",3,1968
"jenseja01",3,1968
"mccorfr01",3,1968
"galanau01",2,1968
"lopated01",2,1968
"roepr01",2,1968
"raschvi01",1,1968
"cuyleki01",NA,1968
"gosligo01",NA,1968
"musiast01",317,1969
"camparo01",270,1969
"boudrlo01",218,1969
"kinerra01",137,1969
"slaugen01",128,1969
"mizejo01",116,1969
"marioma01",112,1969
"reynoal01",98,1969
"gordojo01",97,1969
"vandejo01",95,1969
"wynnea01",95,1969
"reesepe01",89,1969
"hodgegi01",82,1969
"newhoha01",82,1969
"rizzuph01",78,1969
"schoere01",65,1969
"doerrbo01",62,1969
"kellge01",60,1969
"lemonbo01",56,1969
"henrito01",50,1969
"darkal01",48,1969
"cavarph01",37,1969
"newsobo01",32,1969
"vernomi01",21,1969
"waltebu01",20,1969
"rowesc01",17,1969
"kellech01",14,1969
"dimagdo01",13,1969
"blackew01",11,1969
"kluszte01",11,1969
"ashburi01",10,1969
"walkedi02",9,1969
"sainjo01",8,1969
"minosmi01",6,1969
"thomsbo01",6,1969
"coopewa01",5,1969
"erskica01",4,1969
"leonadu02",4,1969
"moseswa01",4,1969
"coopemo01",3,1969
"mcdougi01",3,1969
"newcodo01",3,1969
"raschvi01",3,1969
"brechha01",2,1969
"lopated01",2,1969
"jenseja01",1,1969
"covelst01",NA,1969
"hoytwa01",NA,1969
"boudrlo01",232,1970
"kinerra01",167,1970
"hodgegi01",145,1970
"wynnea01",140,1970
"slaugen01",133,1970
"mizejo01",126,1970
"marioma01",120,1970
"reesepe01",97,1970
"schoere01",97,1970
"kellge01",90,1970
"reynoal01",89,1970
"vandejo01",88,1970
"newhoha01",80,1970
"gordojo01",79,1970
"rizzuph01",79,1970
"doerrbo01",75,1970
"lemonbo01",75,1970
"henrito01",62,1970
"darkal01",55,1970
"cavarph01",51,1970
"snidedu01",51,1970
"waltebu01",29,1970
"dimagdo01",15,1970
"blackew01",14,1970
"newsobo01",12,1970
"ashburi01",11,1970
"vernomi01",10,1970
"coopewa01",9,1970
"sainjo01",9,1970
"kluszte01",8,1970
"kellech01",7,1970
"shantbo01",7,1970
"leonadu02",5,1970
"moseswa01",5,1970
"newcodo01",5,1970
"piercbi02",5,1970
"thomsbo01",4,1970
"brechha01",3,1970
"galanau01",3,1970
"erskica01",2,1970
"furilca01",2,1970
"wertzvi01",2,1970
"jenseja01",1,1970
"lopated01",1,1970
"mcdougi01",1,1970
"roepr01",1,1970
"combsea01",NA,1970
"frickfo99",NA,1970
"haineje01",NA,1970
"berrayo01",242,1971
"wynnea01",240,1971
"kinerra01",212,1971
"hodgegi01",180,1971
"slaugen01",165,1971
"mizejo01",157,1971
"reesepe01",127,1971
"marioma01",123,1971
"schoere01",123,1971
"reynoal01",110,1971
"kellge01",105,1971
"vandejo01",98,1971
"newhoha01",94,1971
"rizzuph01",92,1971
"lemonbo01",90,1971
"snidedu01",89,1971
"cavarph01",83,1971
"doerrbo01",78,1971
"darkal01",54,1971
"foxne01",39,1971
"newsobo01",17,1971
"dimagdo01",15,1971
"kellech01",14,1971
"vernomi01",12,1971
"sainjo01",11,1971
"ashburi01",10,1971
"haddiha01",10,1971
"kluszte01",9,1971
"newcodo01",8,1971
"brechha01",7,1971
"coopewa01",7,1971
"moseswa01",7,1971
"piercbi02",7,1971
"furilca01",5,1971
"shantbo01",5,1971
"lopated01",4,1971
"mcdougi01",4,1971
"sievero01",4,1971
"thomsbo01",4,1971
"erskica01",3,1971
"leonadu02",3,1971
"roepr01",3,1971
"jenseja01",2,1971
"moonwa01",2,1971
"powervi01",2,1971
"raschvi01",2,1971
"wertzvi01",2,1971
"brutobi01",1,1971
"bancrda01",NA,1971
"becklja01",NA,1971
"hafeych01",NA,1971
"hoopeha01",NA,1971
"kellejo01",NA,1971
"marquru01",NA,1971
"paigesa01",NA,1971
"weissge99",NA,1971
"koufasa01",344,1972
"berrayo01",339,1972
"wynnea01",301,1972
"kinerra01",235,1972
"hodgegi01",161,1972
"mizejo01",157,1972
"slaugen01",149,1972
"reesepe01",129,1972
"marioma01",120,1972
"lemonbo01",117,1972
"kellge01",115,1972
"reynoal01",105,1972
"schoere01",104,1972
"rizzuph01",103,1972
"newhoha01",92,1972
"snidedu01",84,1972
"foxne01",64,1972
"cavarph01",61,1972
"darkal01",55,1972
"dimagdo01",36,1972
"newsobo01",31,1972
"kellech01",24,1972
"sainjo01",21,1972
"vernomi01",12,1972
"ashburi01",11,1972
"kluszte01",10,1972
"thomsbo01",10,1972
"haddiha01",9,1972
"mcmilro01",9,1972
"shantbo01",9,1972
"coopewa01",8,1972
"richabo01",8,1972
"newcodo01",7,1972
"brechha01",5,1972
"leonadu02",5,1972
"erskica01",4,1972
"mcdougi01",4,1972
"piercbi02",4,1972
"raschvi01",4,1972
"wertzvi01",4,1972
"powervi01",3,1972
"sievero01",3,1972
"furilca01",2,1972
"lopated01",2,1972
"roepr01",2,1972
"jenseja01",1,1972
"gibsojo99",NA,1972
"gomezle01",NA,1972
"harriwi99",NA,1972
"leonabu99",NA,1972
"youngro01",NA,1972
"spahnwa01",316,1973
"fordwh01",255,1973
"kinerra01",235,1973
"hodgegi01",218,1973
"roberro01",213,1973
"lemonbo01",177,1973
"mizejo01",157,1973
"slaugen01",145,1973
"marioma01",127,1973
"reesepe01",126,1973
"kellge01",114,1973
"rizzuph01",111,1973
"snidedu01",101,1973
"schoere01",96,1973
"reynoal01",93,1973
"newhoha01",79,1973
"cavarph01",73,1973
"foxne01",73,1973
"darkal01",53,1973
"sainjo01",47,1973
"dimagdo01",43,1973
"newsobo01",33,1973
"ashburi01",25,1973
"vernomi01",23,1973
"kluszte01",14,1973
"burdele01",12,1973
"newcodo01",11,1973
"lawve01",9,1973
"coopewa01",8,1973
"groatdi01",7,1973
"raschvi01",7,1973
"leonadu02",6,1973
"mcmilro01",5,1973
"shantbo01",5,1973
"simmocu01",5,1973
"erskica01",4,1973
"piercbi02",4,1973
"brechha01",3,1973
"thomsbo01",3,1973
"mcdougi01",2,1973
"richabo01",2,1973
"wertzvi01",2,1973
"burgesm01",1,1973
"haddiha01",1,1973
"clemero01",NA,1973
"evansbi99",NA,1973
"irvinmo01",NA,1973
"kellyge01",NA,1973
"welchmi01",NA,1973
"mantlmi01",322,1974
"fordwh01",284,1974
"roberro01",224,1974
"kinerra01",215,1974
"hodgegi01",198,1974
"lemonbo01",190,1974
"slaugen01",145,1974
"reesepe01",141,1974
"matheed01",118,1974
"rizzuph01",111,1974
"snidedu01",111,1974
"schoere01",110,1974
"reynoal01",101,1974
"kellge01",94,1974
"foxne01",79,1974
"marisro01",78,1974
"newhoha01",73,1974
"cavarph01",61,1974
"ashburi01",56,1974
"darkal01",54,1974
"sainjo01",51,1974
"larsedo01",29,1974
"kluszte01",28,1974
"vernomi01",27,1974
"howarel01",19,1974
"erskica01",11,1974
"coopewa01",9,1974
"haddiha01",8,1974
"burdele01",7,1974
"newcodo01",7,1974
"thomsbo01",6,1974
"lawve01",5,1974
"richabo01",5,1974
"groatdi01",4,1974
"mcmilro01",4,1974
"piercbi02",4,1974
"mcdougi01",3,1974
"raschvi01",3,1974
"shantbo01",3,1974
"simmocu01",3,1974
"virdobi01",3,1974
"burgesm01",2,1974
"colavro01",2,1974
"wertzvi01",2,1974
"bellco99",NA,1974
"bottoji01",NA,1974
"conlajo01",NA,1974
"thompsa01",NA,1974
"kinerra01",273,1975
"roberro01",263,1975
"lemonbo01",233,1975
"hodgegi01",188,1975
"slaugen01",177,1975
"newhoha01",155,1975
"reesepe01",154,1975
"matheed01",148,1975
"cavarph01",129,1975
"snidedu01",129,1975
"sainjo01",123,1975
"rizzuph01",117,1975
"kellge01",114,1975
"schoere01",94,1975
"ashburi01",76,1975
"drysddo01",76,1975
"foxne01",76,1975
"marisro01",70,1975
"darkal01",48,1975
"raschvi01",37,1975
"kluszte01",33,1975
"howarel01",23,1975
"larsedo01",23,1975
"vernomi01",22,1975
"coopewa01",13,1975
"burdele01",11,1975
"newcodo01",11,1975
"thomsbo01",10,1975
"boyerke01",9,1975
"haddiha01",8,1975
"whitewi01",7,1975
"lawve01",6,1975
"wertzvi01",5,1975
"groatdi01",4,1975
"podrejo01",3,1975
"colavro01",1,1975
"virdobi01",1,1975
"averiea01",NA,1975
"harribu01",NA,1975
"hermabi01",NA,1975
"johnsju99",NA,1975
"roberro01",337,1976
"lemonbo01",305,1976
"hodgegi01",233,1976
"slaugen01",197,1976
"matheed01",189,1976
"reesepe01",186,1976
"foxne01",174,1976
"snidedu01",159,1976
"rizzuph01",149,1976
"kellge01",129,1976
"schoere01",129,1976
"drysddo01",114,1976
"marisro01",87,1976
"ashburi01",85,1976
"darkal01",62,1976
"coopewa01",56,1976
"howarel01",55,1976
"vernomi01",52,1976
"kluszte01",50,1976
"larsedo01",47,1976
"facero01",23,1976
"burdele01",21,1976
"newcodo01",21,1976
"boyerke01",15,1976
"crandde01",15,1976
"lawve01",9,1976
"thomsbo01",9,1976
"haddiha01",8,1976
"groatdi01",7,1976
"whitewi01",7,1976
"wertzvi01",5,1976
"podrejo01",2,1976
"charlos99",NA,1976
"connoro01",NA,1976
"hubbaca99",NA,1976
"lindsfr01",NA,1976
"bankser01",321,1977
"matheed01",239,1977
"hodgegi01",224,1977
"slaugen01",222,1977
"snidedu01",212,1977
"drysddo01",197,1977
"reesepe01",163,1977
"foxne01",152,1977
"bunniji01",146,1977
"kellge01",141,1977
"ashburi01",139,1977
"schoere01",105,1977
"burdele01",85,1977
"marisro01",82,1977
"darkal01",66,1977
"kuennha01",57,1977
"kluszte01",55,1977
"vernomi01",52,1977
"coopewa01",45,1977
"howarel01",43,1977
"newcodo01",43,1977
"larsedo01",39,1977
"facero01",33,1977
"floodcu01",16,1977
"boyerke01",14,1977
"thomsbo01",10,1977
"crandde01",8,1977
"haddiha01",7,1977
"lawve01",5,1977
"groatdi01",4,1977
"wertzvi01",4,1977
"whitewi01",4,1977
"pascuca02",3,1977
"podrejo01",3,1977
"dihigma99",NA,1977
"lloydpo99",NA,1977
"lopezal01",NA,1977
"rusieam01",NA,1977
"seweljo01",NA,1977
"matheed01",301,1978
"slaugen01",261,1978
"snidedu01",254,1978
"hodgegi01",226,1978
"drysddo01",219,1978
"bunniji01",181,1978
"reesepe01",169,1978
"ashburi01",158,1978
"wilheho01",158,1978
"foxne01",149,1978
"schoere01",130,1978
"willsma01",115,1978
"marisro01",83,1978
"burdele01",76,1978
"vernomi01",66,1978
"darkal01",60,1978
"kuennha01",58,1978
"kluszte01",51,1978
"newcodo01",48,1978
"howarel01",41,1978
"larsedo01",32,1978
"facero01",27,1978
"mazerbi01",23,1978
"boyerke01",18,1978
"floodcu01",8,1978
"haddiha01",7,1978
"crandde01",6,1978
"lawve01",6,1978
"thomsbo01",5,1978
"wertzvi01",4,1978
"groatdi01",3,1978
"malonji01",2,1978
"boyercl02",1,1978
"mclaide01",1,1978
"pascuca02",1,1978
"grantmu01",0,1978
"ramospe01",0,1978
"jossad01",NA,1978
"macphla99",NA,1978
"mayswi01",409,1979
"snidedu01",308,1979
"slaugen01",297,1979
"hodgegi01",242,1979
"drysddo01",233,1979
"foxne01",174,1979
"wilheho01",168,1979
"willsma01",166,1979
"schoere01",159,1979
"bunniji01",147,1979
"ashburi01",130,1979
"marisro01",127,1979
"aparilu01",120,1979
"vernomi01",88,1979
"darkal01",80,1979
"kuennha01",63,1979
"kluszte01",58,1979
"burdele01",53,1979
"larsedo01",53,1979
"newcodo01",52,1979
"mazerbi01",36,1979
"facero01",35,1979
"howarel01",30,1979
"boyerke01",20,1979
"floodcu01",14,1979
"thomsbo01",11,1979
"crandde01",9,1979
"lawve01",9,1979
"haddiha01",8,1979
"howarfr01",6,1979
"perraro01",6,1979
"pappami01",5,1979
"boyercl02",3,1979
"mclaide01",3,1979
"malonji01",2,1979
"callijo01",1,1979
"lanieha01",1,1979
"shortch02",1,1979
"ageeto01",0,1979
"allenbe01",0,1979
"alleyge01",0,1979
"beaucji01",0,1979
"bolinbo01",0,1979
"culpra01",0,1979
"fisheed02",0,1979
"gladdfr01",0,1979
"mayje01",0,1979
"paganjo01",0,1979
"pepitjo01",0,1979
"reeseri01",0,1979
"stahlla01",0,1979
"stephjo03",0,1979
"stewaji01",0,1979
"torboje01",0,1979
"gileswa99",NA,1979
"wilsoha01",NA,1979
"kalinal01",340,1980
"snidedu01",333,1980
"drysddo01",238,1980
"hodgegi01",230,1980
"wilheho01",209,1980
"bunniji01",177,1980
"schoere01",164,1980
"foxne01",161,1980
"willsma01",146,1980
"ashburi01",134,1980
"aparilu01",124,1980
"marisro01",111,1980
"vernomi01",96,1980
"kuennha01",83,1980
"burdele01",66,1980
"newcodo01",59,1980
"kluszte01",50,1980
"cepedor01",48,1980
"darkal01",43,1980
"mazerbi01",33,1980
"larsedo01",31,1980
"howarel01",29,1980
"facero01",21,1980
"santoro01",15,1980
"cashno01",6,1980
"alouma01",5,1980
"aloufe01",3,1980
"stottme01",3,1980
"blassst01",2,1980
"hickmji02",1,1980
"jacksso01",1,1980
"mcmahdo02",1,1980
"akerja01",0,1980
"barbest01",0,1980
"bartobo01",0,1980
"boccajo01",0,1980
"brownla01",0,1980
"cannich01",0,1980
"casanpa01",0,1980
"clarkho01",0,1980
"edwarjo01",0,1980
"gagliph01",0,1980
"gosgeji01",0,1980
"huntro01",0,1980
"kennejo03",0,1980
"koscoan01",0,1980
"krausle02",0,1980
"linzyfr01",0,1980
"menkede01",0,1980
"millebo04",0,1980
"milleno01",0,1980
"murreiv01",0,1980
"pizarju01",0,1980
"rayji01",0,1980
"reichri01",0,1980
"richepe01",0,1980
"ryanmi02",0,1980
"schaapa01",0,1980
"selmadi01",0,1980
"simsdu01",0,1980
"vealebo01",0,1980
"kleinch01",NA,1980
"yawketo99",NA,1980
"gibsobo01",337,1981
"drysddo01",243,1981
"hodgegi01",241,1981
"killeha01",239,1981
"wilheho01",238,1981
"maricju01",233,1981
"foxne01",168,1981
"schoere01",166,1981
"bunniji01",164,1981
"willsma01",163,1981
"ashburi01",142,1981
"marisro01",94,1981
"kuennha01",93,1981
"howarel01",83,1981
"cepedor01",77,1981
"munsoth01",62,1981
"kluszte01",56,1981
"aparilu01",148,1981
"burdele01",48,1981
"mazerbi01",38,1981
"larsedo01",33,1981
"facero01",23,1981
"pinsova01",18,1981
"perryji01",6,1981
"mcnalda01",5,1981
"osteecl01",2,1981
"beckegl01",1,1981
"brownga01",1,1981
"cardele01",1,1981
"mcdanli01",1,1981
"northji01",1,1981
"siebeso01",1,1981
"berryke01",0,1981
"briggjo02",0,1981
"handsbi01",0,1981
"lockebo01",0,1981
"maxvida01",0,1981
"mcauldi01",0,1981
"mcdowsa01",0,1981
"fosteru99",NA,1981
"mizejo01",NA,1981
"aaronha01",406,1982
"robinfr02",370,1982
"maricju01",305,1982
"killeha01",246,1982
"wilheho01",236,1982
"drysddo01",233,1982
"hodgegi01",205,1982
"aparilu01",174,1982
"bunniji01",138,1982
"schoere01",135,1982
"foxne01",127,1982
"ashburi01",126,1982
"willibi01",97,1982
"willsma01",91,1982
"marisro01",69,1982
"olivato01",63,1982
"kuennha01",62,1982
"burdele01",43,1982
"cepedor01",42,1982
"howarel01",40,1982
"larsedo01",32,1982
"mazerbi01",28,1982
"munsoth01",26,1982
"facero01",22,1982
"pinsova01",6,1982
"davisto02",5,1982
"mcnalda01",5,1982
"mcdanli01",3,1982
"petrori01",3,1982
"breweji01",2,1982
"freehbi01",2,1982
"cardele01",1,1982
"osteecl01",1,1982
"brownga01",0,1982
"harpeto01",0,1982
"johnsal01",0,1982
"johnsde01",0,1982
"jonescl01",0,1982
"northji01",0,1982
"siebeso01",0,1982
"tayloto02",0,1982
"tovarce01",0,1982
"chandha99",NA,1982
"jackstr01",NA,1982
"robinbr01",344,1983
"maricju01",313,1983
"killeha01",269,1983
"aparilu01",252,1983
"wilheho01",243,1983
"drysddo01",242,1983
"hodgegi01",237,1983
"foxne01",173,1983
"willibi01",153,1983
"schoere01",146,1983
"bunniji01",138,1983
"kuennha01",77,1983
"willsma01",77,1983
"olivato01",75,1983
"marisro01",69,1983
"cepedor01",59,1983
"mazerbi01",48,1983
"burdele01",43,1983
"facero01",32,1983
"howarel01",32,1983
"larsedo01",22,1983
"torrejo01",20,1983
"munsoth01",18,1983
"allendi01",14,1983
"pinsova01",12,1983
"perryji01",7,1983
"powelbo01",5,1983
"sadecra01",2,1983
"giustda01",1,1983
"helmsto01",1,1983
"millafe01",1,1983
"cuellmi01",0,1983
"dierkla01",0,1983
"dobsopa01",0,1983
"downial01",0,1983
"hoernjo01",0,1983
"hundlra01",0,1983
"mayca01",0,1983
"mcmulke01",0,1983
"meltobi01",0,1983
"nolanga01",0,1983
"raderdo02",0,1983
"rojasco01",0,1983
"seguidi01",0,1983
"singebi01",0,1983
"wynnji01",0,1983
"alstowa01",NA,1983
"kellge01",NA,1983
"aparilu01",341,1984
"killeha01",335,1984
"drysddo01",316,1984
"wilheho01",290,1984
"foxne01",246,1984
"willibi01",202,1984
"bunniji01",201,1984
"cepedor01",124,1984
"olivato01",124,1984
"marisro01",107,1984
"kuennha01",106,1984
"willsma01",104,1984
"burdele01",97,1984
"mazerbi01",74,1984
"facero01",65,1984
"howarel01",45,1984
"torrejo01",45,1984
"munsoth01",29,1984
"larsedo01",25,1984
"woodwi01",14,1984
"fregoji01",4,1984
"boutoji01",3,1984
"johnsda02",3,1984
"stanlmi01",2,1984
"bailebo01",1,1984
"brilene01",1,1984
"carrocl02",1,1984
"colboji01",0,1984
"fairlro01",0,1984
"ferreri01",NA,1984
"reesepe01",NA,1984
"wilheho01",331,1985
"brocklo01",315,1985
"foxne01",295,1985
"willibi01",252,1985
"bunniji01",214,1985
"hunteca01",212,1985
"marisro01",128,1985
"kuennha01",125,1985
"cepedor01",114,1985
"olivato01",114,1985
"willsma01",93,1985
"mazerbi01",87,1985
"burdele01",82,1985
"lolicmi01",78,1985
"boyerke01",68,1985
"facero01",62,1985
"howarel01",54,1985
"santoro01",53,1985
"torrejo01",44,1985
"larsedo01",32,1985
"munsoth01",32,1985
"allendi01",28,1985
"floodcu01",28,1985
"pinsova01",19,1985
"woodwi01",16,1985
"haddiha01",15,1985
"mcnalda01",7,1985
"holtzke01",4,1985
"fairlro01",3,1985
"lonboji01",3,1985
"messean01",3,1985
"kessido01",2,1985
"mclaide01",2,1985
"alouje01",1,1985
"cartyri01",1,1985
"ellisdo01",1,1985
"carrocl02",0,1985
"kraneed01",0,1985
"scottge02",0,1985
"tolanbo01",0,1985
"whitero01",0,1985
"slaugen01",NA,1985
"vaughar01",NA,1985
"mccovwi01",346,1986
"willibi01",315,1986
"hunteca01",289,1986
"bunniji01",279,1986
"marisro01",177,1986
"olivato01",154,1986
"cepedor01",152,1986
"kuennha01",144,1986
"willsma01",124,1986
"mazerbi01",100,1986
"burdele01",96,1986
"boyerke01",95,1986
"minosmi01",89,1986
"lolicmi01",86,1986
"facero01",74,1986
"santoro01",64,1986
"torrejo01",60,1986
"howarel01",51,1986
"floodcu01",45,1986
"pinsova01",43,1986
"allendi01",41,1986
"munsoth01",35,1986
"larsedo01",33,1986
"woodwi01",23,1986
"mccarti01",16,1986
"mcnalda01",12,1986
"hillejo01",11,1986
"blairpa01",8,1986
"richajr01",7,1986
"holtzke01",5,1986
"hortowi01",4,1986
"lonboji01",3,1986
"messean01",3,1986
"cashda01",2,1986
"sanguma01",2,1986
"billija01",1,1986
"cardejo02",1,1986
"harrebu01",1,1986
"scottge02",1,1986
"davalvi01",0,1986
"knowlda01",0,1986
"doerrbo01",NA,1986
"lombaer01",NA,1986
"willibi01",354,1987
"hunteca01",315,1987
"bunniji01",289,1987
"cepedor01",179,1987
"marisro01",176,1987
"olivato01",160,1987
"kuennha01",144,1987
"mazerbi01",125,1987
"willsma01",113,1987
"boyerke01",96,1987
"burdele01",96,1987
"lolicmi01",84,1987
"minosmi01",82,1987
"facero01",78,1987
"santoro01",78,1987
"allendi01",55,1987
"floodcu01",50,1987
"pinsova01",48,1987
"torrejo01",47,1987
"howarel01",44,1987
"larsedo01",30,1987
"munsoth01",28,1987
"woodwi01",26,1987
"bondsbo01",24,1987
"marshmi01",6,1987
"bandosa01",3,1987
"groteje01",0,1987
"stonest01",0,1987
"dandrra99",NA,1987
"stargwi01",352,1988
"bunniji01",317,1988
"olivato01",202,1988
"cepedor01",199,1988
"marisro01",184,1988
"kuennha01",168,1988
"mazerbi01",143,1988
"tiantlu01",132,1988
"willsma01",127,1988
"boyerke01",109,1988
"lolicmi01",109,1988
"santoro01",108,1988
"minosmi01",90,1988
"facero01",79,1988
"pinsova01",67,1988
"torrejo01",60,1988
"lylesp01",56,1988
"howarel01",53,1988
"allendi01",52,1988
"floodcu01",48,1988
"munsoth01",32,1988
"larsedo01",31,1988
"woodwi01",30,1988
"bondsbo01",27,1988
"motama01",18,1988
"belanma01",16,1988
"leebi03",3,1988
"mayle01",3,1988
"smithre06",3,1988
"hraboal01",1,1988
"bahnsst01",0,1988
"grimsro02",0,1988
"hislela01",0,1988
"jacksgr01",0,1988
"jonesra01",0,1988
"maybejo01",0,1988
"mcgloly01",0,1988
"medicdo01",0,1988
"milnejo01",0,1988
"montawi01",0,1988
"rudijo01",0,1988
"spencji01",0,1988
"unserde01",0,1988
"wiseri01",0,1988
"benchjo01",431,1989
"yastrca01",423,1989
"perryga01",304,1989
"bunniji01",283,1989
"jenkife01",234,1989
"cepedor01",176,1989
"olivato01",135,1989
"mazerbi01",134,1989
"kuennha01",115,1989
"willsma01",95,1989
"kaatji01",87,1989
"santoro01",75,1989
"boyerke01",62,1989
"minosmi01",59,1989
"facero01",47,1989
"lolicmi01",47,1989
"tiantlu01",47,1989
"torrejo01",40,1989
"allendi01",35,1989
"pinsova01",33,1989
"munsoth01",31,1989
"bondsbo01",29,1989
"floodcu01",27,1989
"lylesp01",25,1989
"campabe01",14,1989
"woodwi01",14,1989
"motama01",9,1989
"murcebo01",3,1989
"moneydo01",1,1989
"tenacge01",1,1989
"barrji01",0,1989
"crowlte01",0,1989
"fergujo01",0,1989
"frymawo01",0,1989
"geronce01",0,1989
"goltzda01",0,1989
"matlajo01",0,1989
"mayru01",0,1989
"mcbriba01",0,1989
"robinbi02",0,1989
"ziskri01",0,1989
"barlial99",NA,1989
"schoere01",NA,1989
"palmeji01",411,1990
"morgajo02",363,1990
"perryga01",320,1990
"jenkife01",296,1990
"bunniji01",257,1990
"cepedor01",211,1990
"olivato01",142,1990
"mazerbi01",131,1990
"kuennha01",107,1990
"santoro01",96,1990
"willsma01",95,1990
"kaatji01",79,1990
"boyerke01",78,1990
"allendi01",58,1990
"torrejo01",55,1990
"minosmi01",51,1990
"facero01",50,1990
"tiantlu01",42,1990
"pinsova01",36,1990
"floodcu01",35,1990
"munsoth01",33,1990
"bondsbo01",30,1990
"lolicmi01",27,1990
"lylesp01",25,1990
"mcgratu01",6,1990
"dentbu01",3,1990
"watsobo01",3,1990
"mondari01",2,1990
"pinielo01",2,1990
"rivermi01",2,1990
"bibbyji01",1,1990
"luzingr01",1,1990
"remyje01",1,1990
"torremi01",1,1990
"caldwmi01",0,1990
"howelro02",0,1990
"moraljo01",0,1990
"otisam01",0,1990
"scottto01",0,1990
"singlke01",0,1990
"splitpa01",0,1990
"stearjo01",0,1990
"summech01",0,1990
"tidrodi01",0,1990
"carewro01",401,1991
"perryga01",342,1991
"jenkife01",334,1991
"fingero01",291,1991
"bunniji01",282,1991
"cepedor01",192,1991
"olivato01",160,1991
"mazerbi01",142,1991
"santoro01",116,1991
"kuennha01",100,1991
"kaatji01",62,1991
"willsma01",61,1991
"allendi01",59,1991
"boyerke01",58,1991
"torrejo01",41,1991
"bondsbo01",39,1991
"minosmi01",38,1991
"lolicmi01",33,1991
"tiantlu01",32,1991
"pinsova01",30,1991
"munsoth01",28,1991
"staubru01",28,1991
"floodcu01",23,1991
"oliveal01",19,1991
"lylesp01",15,1991
"bowala01",11,1991
"koosmje01",4,1991
"burroje01",1,1991
"hargrmi01",1,1991
"hebneri01",1,1991
"hootobu01",1,1991
"jorgemi01",1,1991
"lowenjo01",1,1991
"valenel01",1,1991
"bailobo01",0,1991
"bumbral01",0,1991
"dauerri01",0,1991
"gamblos01",0,1991
"gurala01",0,1991
"howear01",0,1991
"kisonbr01",0,1991
"rogerst01",0,1991
"wathajo01",0,1991
"zachrpa01",0,1991
"zahnge01",0,1991
"lazzeto01",NA,1991
"veeckbi99",NA,1991
"seaveto01",425,1992
"fingero01",349,1992
"cepedor01",246,1992
"perezto01",215,1992
"mazerbi01",182,1992
"olivato01",175,1992
"santoro01",136,1992
"kaatji01",114,1992
"willsma01",110,1992
"boyerke01",71,1992
"allendi01",69,1992
"minosmi01",69,1992
"torrejo01",62,1992
"tiantlu01",50,1992
"lolicmi01",45,1992
"floodcu01",42,1992
"rosepe01",41,1992
"bondsbo01",40,1992
"pinsova01",36,1992
"munsoth01",32,1992
"staubru01",26,1992
"fostege01",24,1992
"bluevi01",23,1992
"grichbo01",11,1992
"bakerdu01",4,1992
"kingmda01",3,1992
"russebi01",3,1992
"cedence01",2,1992
"yeagest01",2,1992
"harrato01",1,1992
"leonade01",1,1992
"dennyjo01",0,1992
"forscke01",0,1992
"maddoga01",0,1992
"oglivbe01",0,1992
"thomago01",0,1992
"vuckope01",0,1992
"mcgowbi99",NA,1992
"newhoha01",NA,1992
"jacksre01",396,1993
"niekrph01",278,1993
"cepedor01",252,1993
"perezto01",233,1993
"garvest01",176,1993
"olivato01",157,1993
"santoro01",155,1993
"kaatji01",125,1993
"allendi01",70,1993
"boyerke01",69,1993
"minosmi01",67,1993
"torrejo01",63,1993
"tiantlu01",62,1993
"bondsbo01",45,1993
"lolicmi01",43,1993
"munsoth01",40,1993
"pinsova01",38,1993
"bluevi01",37,1993
"floodcu01",36,1993
"staubru01",32,1993
"fostege01",29,1993
"madlobi01",19,1993
"rosepe01",14,1993
"ceyro01",8,1993
"decindo01",2,1993
"lopesda01",2,1993
"thornan01",2,1993
"campbbi02",1,1993
"burleri01",0,1993
"coopece01",0,1993
"matthga01",0,1993
"mcraeha01",0,1993
"porteda02",0,1993
"carltst01",436,1994
"cepedor01",335,1994
"niekrph01",273,1994
"perezto01",263,1994
"suttodo01",259,1994
"garvest01",166,1994
"olivato01",158,1994
"santoro01",150,1994
"suttebr01",109,1994
"kaatji01",98,1994
"allendi01",66,1994
"boyerke01",54,1994
"torrejo01",53,1994
"pinsova01",46,1994
"minosmi01",45,1994
"tiantlu01",42,1994
"floodcu01",39,1994
"nettlgr01",38,1994
"bondsbo01",37,1994
"staubru01",36,1994
"conceda01",31,1994
"munsoth01",31,1994
"guidrro01",24,1994
"lolicmi01",23,1994
"rosepe01",19,1994
"simmote01",17,1994
"fostege01",16,1994
"bluevi01",14,1994
"baylodo01",12,1994
"niekrjo01",6,1994
"cruzjo01",2,1994
"garneph01",2,1994
"parrila01",2,1994
"knighra01",1,1994
"chambch01",0,1994
"hendrge01",0,1994
"hornebo01",0,1994
"mcgresc01",0,1994
"sotoma01",0,1994
"durocle01",NA,1994
"rizzuph01",NA,1994
"schmimi01",444,1995
"niekrph01",286,1995
"suttodo01",264,1995
"perezto01",259,1995
"garvest01",196,1995
"olivato01",149,1995
"santoro01",139,1995
"riceji01",137,1995
"suttebr01",137,1995
"kaatji01",100,1995
"johnto01",98,1995
"allendi01",72,1995
"minosmi01",66,1995
"floodcu01",59,1995
"torrejo01",50,1995
"tiantlu01",45,1995
"conceda01",43,1995
"bondsbo01",35,1995
"pinsova01",32,1995
"munsoth01",30,1995
"nettlgr01",28,1995
"bluevi01",26,1995
"lolicmi01",26,1995
"guidrro01",25,1995
"staubru01",23,1995
"fostege01",19,1995
"baylodo01",12,1995
"bellbu01",8,1995
"evansda01",8,1995
"tekulke01",6,1995
"forscbo01",2,1995
"hernawi01",2,1995
"krukomi01",1,1995
"speiech01",1,1995
"sundbji01",1,1995
"alexado01",0,1995
"grossgr01",0,1995
"rhoderi01",0,1995
"trillma01",0,1995
"ashburi01",NA,1995
"dayle99",NA,1995
"hulbewi99",NA,1995
"willivi01",NA,1995
"niekrph01",321,1996
"perezto01",309,1996
"suttodo01",300,1996
"garvest01",175,1996
"santoro01",174,1996
"olivato01",170,1996
"riceji01",166,1996
"suttebr01",137,1996
"johnto01",102,1996
"kaatji01",91,1996
"allendi01",89,1996
"floodcu01",71,1996
"tiantlu01",64,1996
"conceda01",63,1996
"minosmi01",62,1996
"pinsova01",51,1996
"torrejo01",50,1996
"guidrro01",37,1996
"nettlgr01",37,1996
"boonebo01",36,1996
"lolicmi01",33,1996
"lynnfr01",26,1996
"bondsbo01",24,1996
"hernake01",24,1996
"staubru01",24,1996
"quiseda01",18,1996
"whitefr01",18,1996
"bucknbi01",10,1996
"reussje01",2,1996
"tudorjo01",2,1996
"lemonch01",1,1996
"kneppbo01",0,1996
"leonaje01",0,1996
"rayjo01",0,1996
"washicl01",0,1996
"bunniji01",NA,1996
"fostebi99",NA,1996
"hanlone01",NA,1996
"weaveea99",NA,1996
"niekrph01",380,1997
"suttodo01",346,1997
"perezto01",312,1997
"santoro01",186,1997
"riceji01",178,1997
"garvest01",167,1997
"suttebr01",130,1997
"kaatji01",107,1997
"torrejo01",105,1997
"johnto01",97,1997
"minosmi01",84,1997
"parkeda01",83,1997
"allendi01",79,1997
"conceda01",60,1997
"tiantlu01",53,1997
"hernake01",45,1997
"lolicmi01",34,1997
"guidrro01",31,1997
"boonebo01",28,1997
"evansdw01",28,1997
"griffke01",22,1997
"lynnfr01",22,1997
"nettlgr01",22,1997
"bondsbo01",20,1997
"staubru01",18,1997
"reuscri01",2,1997
"scottmi03",2,1997
"templga01",2,1997
"kennete02",1,1997
"puhlte01",1,1997
"foxne01",NA,1997
"lasorto01",NA,1997
"wellswi99",NA,1997
"suttodo01",386,1998
"perezto01",321,1998
"santoro01",204,1998
"riceji01",203,1998
"cartega01",200,1998
"garvest01",195,1998
"suttebr01",147,1998
"johnto01",129,1998
"kaatji01",129,1998
"parkeda01",116,1998
"blylebe01",83,1998
"conceda01",80,1998
"minosmi01",76,1998
"tiantlu01",62,1998
"hernake01",51,1998
"evansdw01",49,1998
"lolicmi01",39,1998
"guidrro01",37,1998
"boonebo01",26,1998
"clarkja01",7,1998
"guerrpe01",6,1998
"randowi01",5,1998
"lansfca01",3,1998
"downibr01",2,1998
"flanami01",2,1998
"dempsri01",1,1998
"davisge01",NA,1998
"dobyla01",NA,1998
"macphle99",NA,1998
"roganbu99",NA,1998
"ryanno01",491,1999
"brettge01",488,1999
"yountro01",385,1999
"fiskca01",330,1999
"perezto01",302,1999
"cartega01",168,1999
"garvest01",150,1999
"riceji01",146,1999
"suttebr01",121,1999
"kaatji01",100,1999
"murphda05",96,1999
"johnto01",93,1999
"parkeda01",80,1999
"minosmi01",73,1999
"blylebe01",70,1999
"conceda01",59,1999
"tiantlu01",53,1999
"hernake01",34,1999
"guidrro01",31,1999
"boonebo01",27,1999
"lolicmi01",26,1999
"evansdw01",18,1999
"bellge02",6,1999
"candejo01",1,1999
"boddimi01",0,1999
"leibrch01",0,1999
"tananfr01",0,1999
"wittmi01",0,1999
"cepedor01",NA,1999
"chylane99",NA,1999
"seleefr99",NA,1999
"willijo99",NA,1999
"fiskca01",397,2000
"perezto01",385,2000
"riceji01",257,2000
"cartega01",248,2000
"suttebr01",192,2000
"gossari01",166,2000
"garvest01",160,2000
"johnto01",135,2000
"kaatji01",125,2000
"murphda05",116,2000
"morrija02",111,2000
"parkeda01",104,2000
"blylebe01",87,2000
"tiantlu01",86,2000
"conceda01",67,2000
"hernake01",52,2000
"guidrro01",44,2000
"reardje01",24,2000
"boonebo01",21,2000
"wilsowi02",10,2000
"sutclri01",9,2000
"hrbekke01",5,2000
"houghch01",4,2000
"hendeda01",2,2000
"saxst01",2,2000
"gullibi01",1,2000
"hurstbr01",1,2000
"smithlo01",1,2000
"welchbo01",1,2000
"brookhu01",0,2000
"andersp01",NA,2000
"mcphebi01",NA,2000
"steartu99",NA,2000
"winfida01",435,2001
"puckeki01",423,2001
"cartega01",334,2001
"riceji01",298,2001
"suttebr01",245,2001
"gossari01",228,2001
"garvest01",176,2001
"johnto01",146,2001
"mattido01",145,2001
"kaatji01",135,2001
"blylebe01",121,2001
"morrija02",101,2001
"murphda05",93,2001
"parkeda01",84,2001
"conceda01",74,2001
"tiantlu01",63,2001
"hernake01",41,2001
"stewada01",38,2001
"guidrro01",27,2001
"whitalo01",15,2001
"gibsoki01",13,2001
"parrila02",9,2001
"henketo01",6,2001
"righeda01",2,2001
"bedrost01",1,2001
"brownto05",1,2001
"darliro01",1,2001
"deshaji01",1,2001
"krukjo01",1,2001
"rijojo01",1,2001
"johnsho01",0,2001
"vanslan01",0,2001
"mazerbi01",NA,2001
"smithhi99",NA,2001
"smithoz01",433,2002
"cartega01",343,2002
"riceji01",260,2002
"suttebr01",238,2002
"dawsoan01",214,2002
"gossari01",203,2002
"garvest01",134,2002
"johnto01",127,2002
"blylebe01",124,2002
"kaatji01",109,2002
"morrija02",97,2002
"mattido01",96,2002
"tiantlu01",85,2002
"trammal01",74,2002
"murphda05",70,2002
"parkeda01",66,2002
"conceda01",56,2002
"hernake01",29,2002
"guidrro01",23,2002
"stewada01",23,2002
"greenmi01",2,2002
"violafr01",2,2002
"dykstle01",1,2002
"wallati01",1,2002
"hennemi01",0,2002
"russeje01",0,2002
"sandesc02",0,2002
"thompro01",0,2002
"murraed02",423,2003
"cartega01",387,2003
"suttebr01",266,2003
"riceji01",259,2003
"dawsoan01",248,2003
"sandbry01",244,2003
"smithle02",210,2003
"gossari01",209,2003
"blylebe01",145,2003
"garvest01",138,2003
"kaatji01",130,2003
"johnto01",116,2003
"morrija02",113,2003
"trammal01",70,2003
"mattido01",68,2003
"murphda05",58,2003
"conceda01",55,2003
"parkeda01",51,2003
"valenfe01",31,2003
"hernake01",30,2003
"kileda01",7,2003
"colemvi01",3,2003
"butlebr01",2,2003
"fernasi01",2,2003
"honeyri01",2,2003
"penato01",2,2003
"daultda01",1,2003
"davisma01",1,2003
"tartada01",1,2003
"jacksda02",0,2003
"tettlmi01",0,2003
"willimi02",0,2003
"worreto01",0,2003
"molitpa01",431,2004
"eckerde01",421,2004
"sandbry01",309,2004
"suttebr01",301,2004
"riceji01",276,2004
"dawsoan01",253,2004
"gossari01",206,2004
"smithle02",185,2004
"blylebe01",179,2004
"morrija02",133,2004
"garvest01",123,2004
"johnto01",111,2004
"trammal01",70,2004
"mattido01",65,2004
"conceda01",57,2004
"parkeda01",53,2004
"murphda05",43,2004
"hernake01",22,2004
"cartejo01",19,2004
"valenfe01",19,2004
"martide01",16,2004
"stiebda01",7,2004
"eisenji01",3,2004
"keyji01",3,2004
"drabedo01",2,2004
"mitchke01",2,2004
"samueju01",2,2004
"fieldce01",1,2004
"myersra01",1,2004
"pendlte01",1,2004
"darwida01",0,2004
"tewksbo01",0,2004
"boggswa01",474,2005
"sandbry01",393,2005
"suttebr01",344,2005
"riceji01",307,2005
"gossari01",285,2005
"dawsoan01",270,2005
"blylebe01",211,2005
"smithle02",200,2005
"morrija02",172,2005
"johnto01",123,2005
"garvest01",106,2005
"trammal01",87,2005
"parkeda01",65,2005
"mattido01",59,2005
"conceda01",55,2005
"murphda05",54,2005
"mcgeewi01",26,2005
"abbotji01",13,2005
"strawda01",6,2005
"mcdowja01",4,2005
"davisch01",3,2005
"candito01",2,2005
"montgje01",2,2005
"phillto02",1,2005
"steinte01",1,2005
"langsma01",0,2005
"nixonot01",0,2005
"suttebr01",400,2006
"riceji01",337,2006
"gossari01",336,2006
"dawsoan01",317,2006
"blylebe01",277,2006
"smithle02",234,2006
"morrija02",214,2006
"johnto01",154,2006
"garvest01",135,2006
"trammal01",92,2006
"parkeda01",76,2006
"conceda01",65,2006
"mattido01",64,2006
"hershor01",58,2006
"murphda05",56,2006
"belleal01",40,2006
"clarkwi02",23,2006
"goodedw01",17,2006
"mcgeewi01",12,2006
"guilloz01",5,2006
"morriha02",5,2006
"gaettga01",4,2006
"wettejo01",4,2006
"aguilri01",3,2006
"jeffegr01",2,2006
"jonesdo01",2,2006
"weisswa01",1,2006
"disarga01",0,2006
"fernaal01",0,2006
"brownra99",NA,2006
"brownwi02",NA,2006
"coopean99",NA,2006
"grantfr99",NA,2006
"hillpe99",NA,2006
"mackebi99",NA,2006
"manleef99",NA,2006
"mendejo99",NA,2006
"pompeal99",NA,2006
"poseycu99",NA,2006
"santolo99",NA,2006
"suttlmu99",NA,2006
"taylobe99",NA,2006
"torricr99",NA,2006
"whiteso99",NA,2006
"wilkijl99",NA,2006
"wilsoju99",NA,2006
"ripkeca01",537,2007
"gwynnto01",532,2007
"gossari01",388,2007
"riceji01",346,2007
"dawsoan01",309,2007
"blylebe01",260,2007
"smithle02",217,2007
"morrija02",202,2007
"mcgwima01",128,2007
"johnto01",125,2007
"garvest01",115,2007
"conceda01",74,2007
"trammal01",73,2007
"parkeda01",62,2007
"mattido01",54,2007
"murphda05",50,2007
"baineha01",29,2007
"hershor01",24,2007
"belleal01",19,2007
"oneilpa01",12,2007
"saberbr01",7,2007
"cansejo01",6,2007
"fernato01",4,2007
"bicheda01",3,2007
"daviser01",3,2007
"bonilbo01",2,2007
"caminke01",2,2007
"buhneja01",1,2007
"brosisc01",0,2007
"joynewa01",0,2007
"whitede03",0,2007
"wittbo01",0,2007
"gossari01",466,2008
"riceji01",392,2008
"dawsoan01",358,2008
"blylebe01",336,2008
"smithle02",235,2008
"morrija02",233,2008
"johnto01",158,2008
"raineti01",132,2008
"mcgwima01",128,2008
"trammal01",99,2008
"conceda01",88,2008
"mattido01",86,2008
"parkeda01",82,2008
"murphda05",75,2008
"baineha01",28,2008
"beckro01",2,2008
"frymatr01",2,2008
"nenro01",2,2008
"dunstsh01",1,2008
"finlech01",1,2008
"justida01",1,2008
"knoblch01",1,2008
"stottto01",1,2008
"anderbr01",0,2008
"rijojo01",0,2008
"dreyfba99",NA,2008
"kuhnbo99",NA,2008
"omallwa99",NA,2008
"southbi01",NA,2008
"willidi02",NA,2008
"henderi01",511,2009
"riceji01",412,2009
"dawsoan01",361,2009
"blylebe01",338,2009
"smithle02",240,2009
"morrija02",237,2009
"johnto01",171,2009
"raineti01",122,2009
"mcgwima01",118,2009
"trammal01",94,2009
"parkeda01",81,2009
"mattido01",64,2009
"murphda05",62,2009
"baineha01",32,2009
"gracema01",22,2009
"coneda01",21,2009
"willima04",7,2009
"vaughmo01",6,2009
"bellja01",2,2009
"oroscje01",1,2009
"gantro01",0,2009
"plesada01",0,2009
"vaughgr01",0,2009
"gordojo01",NA,2009
"dawsoan01",420,2010
"blylebe01",400,2010
"alomaro01",397,2010
"morrija02",282,2010
"larkiba01",278,2010
"smithle02",255,2010
"martied01",195,2010
"raineti01",164,2010
"mcgwima01",128,2010
"trammal01",121,2010
"mcgrifr01",116,2010
"mattido01",87,2010
"parkeda01",82,2010
"murphda05",63,2010
"baineha01",33,2010
"galaran01",22,2010
"venturo01",7,2010
"karroer01",2,2010
"burksel01",2,2010
"hentgpa01",1,2010
"appieke01",1,2010
"seguida01",1,2010
"reynosh01",0,2010
"lankfra01",0,2010
"zeileto01",0,2010
"jacksmi02",0,2010
"herzowh01",NA,2010
"harvedo99",NA,2010
"alomaro01",523,2011
"blylebe01",463,2011
"larkiba01",361,2011
"morrija02",311,2011
"smithle02",263,2011
"bagweje01",242,2011
"raineti01",218,2011
"martied01",191,2011
"trammal01",141,2011
"walkela01",118,2011
"mcgwima01",115,2011
"mcgrifr01",104,2011
"parkeda01",89,2011
"mattido01",79,2011
"murphda05",73,2011
"palmera01",64,2011
"gonzaju03",30,2011
"baineha01",28,2011
"francjo01",27,2011
"brownke01",12,2011
"martiti02",6,2011
"grissma02",4,2011
"leiteal01",4,2011
"olerujo01",4,2011
"surhobj01",2,2011
"boonebr01",1,2011
"santibe01",1,2011
"baergca01",0,2011
"harrile01",0,2011
"higgibo02",0,2011
"johnsch04",0,2011
"mondera01",0,2011
"rueteki01",0,2011
"gillipa99",NA,2011
"larkiba01",495,2012
"morrija02",382,2012
"bagweje01",321,2012
"smithle02",290,2012
"raineti01",279,2012
"trammal01",211,2012
"martied01",209,2012
"mcgrifr01",137,2012
"walkela01",131,2012
"mcgwima01",112,2012
"mattido01",102,2012
"murphda05",83,2012
"palmera01",72,2012
"willibe02",55,2012
"gonzaju03",23,2012
"castivi02",6,2012
"salmoti01",5,2012
"muellbi02",4,2012
"radkebr01",2,2012
"lopezja01",1,2012
"younger01",1,2012
"nevinph01",0,2012
"jordabr01",0,2012
"sierrru01",0,2012
"burnije01",0,2012
"mulhote01",0,2012
"womacto01",0,2012
"santoro01",NA,2012
"biggicr01",388,2013
"morrija02",385,2013
"bagweje01",339,2013
"piazzmi01",329,2013
"raineti01",297,2013
"smithle02",272,2013
"schilcu01",221,2013
"clemero02",214,2013
"bondsba01",206,2013
"martied01",204,2013
"trammal01",191,2013
"walkela01",123,2013
"mcgrifr01",118,2013
"murphda05",106,2013
"mcgwima01",96,2013
"mattido01",75,2013
"sosasa01",71,2013
"palmera01",50,2013
"willibe02",19,2013
"loftoke01",18,2013
"alomasa02",16,2013
"francju02",6,2013
"wellsda01",5,2013
"finlest01",4,2013
"greensh01",2,2013
"seleaa01",1,2013
"cirilje01",0,2013
"coninje01",0,2013
"mesajo01",0,2013
"stantmi01",0,2013
"sandere02",0,2013
"hernaro01",0,2013
"whitero02",0,2013
"claytro01",0,2013
"kleskry01",0,2013
"walketo04",0,2013
"williwo02",0,2013
"ruperja99",NA,2013
"odayha01",NA,2013
"whitede01",NA,2013
"coxbo01",NA,2014
"larusto01",NA,2014
"torrejo01",NA,2014
"maddugr01",555,2014
"glavito02",525,2014
"thomafr04",478,2014
"biggicr01",427,2014
"piazzmi01",355,2014
"morrija02",351,2014
"bagweje01",310,2014
"raineti01",263,2014
"clemero02",202,2014
"bondsba01",198,2014
"smithle02",171,2014
"schilcu01",167,2014
"martied01",144,2014
"trammal01",119,2014
"mussimi01",116,2014
"kentje01",87,2014
"mcgrifr01",67,2014
"mcgwima01",63,2014
"walkela01",58,2014
"mattido01",47,2014
"sosasa01",41,2014
"palmera01",25,2014
"aloumo01",6,2014
"nomohi01",6,2014
"gonzalu01",5,2014
"gagneer01",2,2014
"snowjt01",2,2014
"benitar01",1,2014
"rogerke01",1,2014
"jonesja05",1,2014
"timlimi01",0,2014
"loducpa01",0,2014
"sexsori01",0,2014
"caseyse01",0,2014
"jonesto02",0,2014
"durhara01",0,2014
"johnsra05",534,2015
"martipe02",500,2015
"smoltjo01",455,2015
"biggicr01",454,2015
"piazzmi01",384,2015
"bagweje01",306,2015
"raineti01",302,2015
"schilcu01",215,2015
"clemero02",206,2015
"bondsba01",202,2015
"smithle02",166,2015
"martied01",148,2015
"trammal01",138,2015
"mussimi01",135,2015
"kentje01",77,2015
"mcgrifr01",71,2015
"walkela01",65,2015
"sheffga01",64,2015
"mcgwima01",55,2015
"mattido01",50,2015
"sosasa01",36,2015
"garcino01",30,2015
"delgaca01",21,2015
"percitr01",4,2015
"gordoto01",2,2015
"booneaa01",2,2015
"erstada01",1,2015
"clarkto02",0,2015
"gilesbr02",0,2015
"aurilri01",0,2015
"guarded01",0,2015
"schmija01",0,2015
"dyeje01",0,2015
"floydcl01",0,2015
"griffke02",437,2016
"piazzmi01",365,2016
"bagweje01",315,2016
"raineti01",307,2016
"hoffmtr01",296,2016
"schilcu01",230,2016
"clemero02",199,2016
"bondsba01",195,2016
"martied01",191,2016
"mussimi01",189,2016
"trammal01",180,2016
"smithle02",150,2016
"mcgrifr01",92,2016
"kentje01",73,2016
"walkela01",68,2016
"mcgwima01",54,2016
"sheffga01",51,2016
"wagnebi02",46,2016
"sosasa01",31,2016
"edmonji01",11,2016
"garcino01",8,2016
"sweenmi01",3,2016
"kendaja01",2,2016
"eckstda01",2,2016
"anderga01",1,2016
"glaustr01",0,2016
"winnra01",0,2016
"grudzma01",0,2016
"ausmubr01",0,2016
"hamptmi01",0,2016
"castilu01",0,2016
"lowelmi01",0,2016
"bagweje01",381,2017
"raineti01",380,2017
"rodriiv01",336,2017
"hoffmtr01",327,2017
"guerrvl01",317,2017
"martied01",259,2017
"clemero02",239,2017
"bondsba01",238,2017
"mussimi01",229,2017
"schilcu01",199,2017
"smithle02",151,2017
"ramirma02",105,2017
"walkela01",97,2017
"mcgrifr01",96,2017
"kentje01",74,2017
"sheffga01",59,2017
"wagnebi02",45,2017
"sosasa01",38,2017
"posadjo01",17,2017
"ordonma01",3,2017
"renteed01",2,2017
"varitja01",2,2017
"wakefti01",1,2017
"blakeca01",0,2017
"burrepa01",0,2017
"cabreor01",0,2017
"camermi01",0,2017
"drewjd01",0,2017
"guillca01",0,2017
"leede02",0,2017
"morame01",0,2017
"rhodear01",0,2017
"sanchfr01",0,2017
"stairma01",0,2017
"seligbu99",NA,2017
"schurjo99",NA,2017
"jonesch06",410,2018
"guerrvl01",392,2018
"thomeji01",379,2018
"hoffmtr01",337,2018
"martied01",297,2018
"mussimi01",268,2018
"clemero02",242,2018
"bondsba01",238,2018
"schilcu01",216,2018
"vizquom01",156,2018
"walkela01",144,2018
"mcgrifr01",98,2018
"ramirma02",93,2018
"kentje01",61,2018
"sheffga01",47,2018
"wagnebi02",47,2018
"rolensc01",43,2018
"sosasa01",33,2018
"jonesan01",31,2018
"moyerja01",10,2018
"santajo01",10,2018
"damonjo01",8,2018
"matsuhi01",4,2018
"carpech01",2,2018
"woodke02",2,2018
"hernali01",1,2018
"leeca01",1,2018
"hudsoor01",0,2018
"huffau01",0,2018
"isrinja01",0,2018
"lidgebr01",0,2018
"millwke01",0,2018
"zambrca01",0,2018
"morrija02",NA,2018
"trammal01",NA,2018
"riverma01",425,2019
"hallaro01",363,2019
"martied01",363,2019
"mussimi01",326,2019
"schilcu01",259,2019
"clemero02",253,2019
"bondsba01",251,2019
"walkela01",232,2019
"vizquom01",182,2019
"mcgrifr01",169,2019
"ramirma02",97,2019
"kentje01",77,2019
"rolensc01",73,2019
"wagnebi02",71,2019
"heltoto01",70,2019
"sheffga01",58,2019
"pettian01",42,2019
"sosasa01",36,2019
"jonesan01",32,2019
"youngmi02",9,2019
"tejadmi01",5,2019
"berkmla01",5,2019
"oswalro01",4,2019
"polanpl01",2,2019
"wellsve01",0,2019
"youklke01",0,2019
"oliveda02",0,2019
"pierrju01",0,2019
"ankieri01",0,2019
"lowede01",0,2019
"lillyte01",0,2019
"hafnetr01",0,2019
"garlajo01",0,2019
"garcifr02",0,2019
"bayja01",0,2019
"baineha01",NA,2019
"smithle02",NA,2019
"jeterde01",396,2020
"walkela01",304,2020
"schilcu01",278,2020
"clemero02",242,2020
"bondsba01",241,2020
"vizquom01",209,2020
"rolensc01",140,2020
"wagnebi02",126,2020
"sheffga01",121,2020
"heltoto01",116,2020
"ramirma02",112,2020
"kentje01",109,2020
"jonesan01",77,2020
"sosasa01",55,2020
"pettian01",45,2020
"abreubo01",22,2020
"konerpa01",10,2020
"giambja01",6,2020
"soriaal01",6,2020
"leecl02",2,2020
"chaveer01",2,2020
"putzjj01",1,2020
"pennybr01",1,2020
"ibanera01",1,2020
"dunnad01",1,2020
"roberbr01",0,2020
"penaca01",0,2020
"furcara01",0,2020
"figgich01",0,2020
"valvejo01",0,2020
"bellhe01",0,2020
"beckejo02",0,2020
"millema99",NA,2020
"simmote01",NA,2020
"schilcu01",285,2021
"bondsba01",248,2021
"clemero02",247,2021
"rolensc01",212,2021
"vizquom01",197,2021
"wagnebi02",186,2021
"heltoto01",180,2021
"sheffga01",163,2021
"jonesan01",136,2021
"kentje01",130,2021
"ramirma02",113,2021
"sosasa01",68,2021
"pettian01",55,2021
"buehrma01",44,2021
"hunteto01",38,2021
"abreubo01",35,2021
"hudsoti01",21,2021
"ramirar01",4,2021
"hawkila01",2,2021
"zitoba01",1,2021
"harenda01",0,2021
"cuddymi01",0,2021
"swishni01",0,2021
"victosh01",0,2021
"burneaj01",0,2021
"ortizda01",307,2022
"bondsba01",260,2022
"clemero02",257,2022
"rolensc01",249,2022
"schilcu01",231,2022
"heltoto01",205,2022
"wagnebi02",201,2022
"jonesan01",163,2022
"sheffga01",160,2022
"rodrial01",135,2022
"kentje01",129,2022
"ramirma02",114,2022
"vizquom01",94,2022
"sosasa01",73,2022
"pettian01",42,2022
"rolliji01",37,2022
"abreubo01",34,2022
"buehrma01",23,2022
"hunteto01",21,2022
"nathajo01",17,2022
"hudsoti01",12,2022
"linceti01",9,2022
"howarry01",8,2022
"teixema01",6,2022
"papeljo01",5,2022
"morneju01",5,2022
"pierzaj01",2,2022
"fieldpr01",2,2022
"peavyja01",0,2022
"crawfca02",0,2022
"fowlebu99",NA,2022
"hodgegi01",NA,2022
"kaatji01",NA,2022
"minosmi01",NA,2022
"oneilbu01",NA,2022
"olivato01",NA,2022
"Scott Rolen",297,2023
"Todd HeltonHOF",281,2023
"Billy Wagner",265,2023
"Andruw Jones",226,2023
"Gary Sheffield",214,2023
"Carlos Beltrn",181,2023
"X-Jeff Kent",181,2023
"Alex Rodriguez",139,2023
"Manny Ramirez",129,2023
"Omar Vizquel",76,2023
"Andy Pettitte",66,2023
"Bobby Abreu",60,2023
"Jimmy Rollins",50,2023
"Mark Buehrle",42,2023
"Francisco Rodrguez",42,2023
"Torii Hunter",27,2023
"X-Huston Street",1,2023
"X-Bronson Arroyo",1,2023
"X-Mike Napoli",1,2023
"X-John Lackey",1,2023
"X-R.A. Dickey",1,2023
"X-Jhonny Peralta",0,2023
"X-J.J. Hardy",0,2023
"X-Andre Ethier",0,2023
"X-Jacoby Ellsbury",0,2023
"X-Matt Cain",0,2023
"X-Jered Weaver",0,2023
"X-Jayson Werth",0,2023
